Unity Editor version:    6000.0.49f1 (840e0a9776d9)
Branch:                  6000.0/staging
Build type:              Release
Batch mode:              YES
macOS version:           Version 15.6.1 (Build 24G90)
Darwin version:          24.6.0
Architecture:            arm64
Running under Rosetta:   NO
Available memory:        49152 MB
Using pre-set license
Pro License: YES

COMMAND LINE ARGUMENTS:
/Applications/Unity/Hub/Editor/6000.0.49f1/Unity.app/Contents/MacOS/Unity
-adb2
-batchMode
-noUpm
-name
AssetImportWorker1
-projectPath
/Users/tdu.yamazaki.lab/color_box
-logFile
Logs/AssetImportWorker1.log
-srvPort
59702
-job-worker-count
6
-background-job-worker-count
8
-gc-helper-count
1
Successfully changed project path to: /Users/tdu.yamazaki.lab/color_box
/Users/tdu.yamazaki.lab/color_box
[UnityMemory] Configuration Parameters - Can be set up in boot.config
    "memorysetup-bucket-allocator-granularity=16"
    "memorysetup-bucket-allocator-bucket-count=8"
    "memorysetup-bucket-allocator-block-size=33554432"
    "memorysetup-bucket-allocator-block-count=8"
    "memorysetup-main-allocator-block-size=16777216"
    "memorysetup-thread-allocator-block-size=16777216"
    "memorysetup-gfx-main-allocator-block-size=16777216"
    "memorysetup-gfx-thread-allocator-block-size=16777216"
    "memorysetup-cache-allocator-block-size=4194304"
    "memorysetup-typetree-allocator-block-size=2097152"
    "memorysetup-profiler-bucket-allocator-granularity=16"
    "memorysetup-profiler-bucket-allocator-bucket-count=8"
    "memorysetup-profiler-bucket-allocator-block-size=33554432"
    "memorysetup-profiler-bucket-allocator-block-count=8"
    "memorysetup-profiler-allocator-block-size=16777216"
    "memorysetup-profiler-editor-allocator-block-size=1048576"
    "memorysetup-temp-allocator-size-main=16777216"
    "memorysetup-job-temp-allocator-block-size=2097152"
    "memorysetup-job-temp-allocator-block-size-background=1048576"
    "memorysetup-job-temp-allocator-reduction-small-platforms=262144"
    "memorysetup-allocator-temp-initial-block-size-main=262144"
    "memorysetup-allocator-temp-initial-block-size-worker=262144"
    "memorysetup-temp-allocator-size-background-worker=32768"
    "memorysetup-temp-allocator-size-job-worker=262144"
    "memorysetup-temp-allocator-size-preload-manager=33554432"
    "memorysetup-temp-allocator-size-nav-mesh-worker=65536"
    "memorysetup-temp-allocator-size-audio-worker=65536"
    "memorysetup-temp-allocator-size-cloud-worker=32768"
    "memorysetup-temp-allocator-size-gi-baking-worker=262144"
    "memorysetup-temp-allocator-size-gi-baking-worker=262144"
    "memorysetup-temp-allocator-size-gi-baking-worker=262144"
    "memorysetup-temp-allocator-size-gi-baking-worker=262144"
    "memorysetup-temp-allocator-size-gi-baking-worker=262144"
    "memorysetup-temp-allocator-size-gfx=262144"
Player connection [8483250368]  Target information:

Player connection [8483250368]  * "[IP] 192.168.11.2 [Port] 0 [Flags] 2 [Guid] 3878670711 [EditorId] 3878670711 [Version] 1048832 [Id] OSXEditor(0,yamazakikenkyuushitsunoMacBook-Pro.local) [Debug] 1 [PackageName] OSXEditor [ProjectName] Editor" 

Player connection [8483250368] Host joined multi-casting on [225.0.0.222:54997]...
Player connection [8483250368] Host joined alternative multi-casting on [225.0.0.222:34997]...
JobSystem: Creating JobQueue using job-worker-count value 6
Input System module state changed to: Initialized.
[Physics::Module] Initialized fallback backend.
[Physics::Module] Id: 0xdecafbad
Library Redirect Path: Library/
[Physics::Module] Selected backend.
[Physics::Module] Name: PhysX
[Physics::Module] Id: 0xf2b8ea05
[Physics::Module] SDK Version: 4.1.2
[Physics::Module] Integration Version: 1.0.0
[Physics::Module] Threading Mode: Multi-Threaded
Refreshing native plugins compatible for Editor in 2.46 ms, found 7 plugins.
Preloading 0 native plugins for Editor in 0.00 ms.
Initialize engine version: 6000.0.49f1 (840e0a9776d9)
[Subsystems] Discovering subsystems at path /Applications/Unity/Hub/Editor/6000.0.49f1/Unity.app/Contents/Resources/UnitySubsystems
[Subsystems] Discovering subsystems at path /Users/tdu.yamazaki.lab/color_box/Assets
GfxDevice: creating device client; kGfxThreadingModeNonThreaded
 preferred device: Apple M4 Pro (high power)
Metal devices available: 1
0: Apple M4 Pro (high power)
Using device Apple M4 Pro (high power)
Initializing Metal device caps: Apple M4 Pro
Initialize mono
Mono path[0] = '/Applications/Unity/Hub/Editor/6000.0.49f1/Unity.app/Contents/Managed'
Mono path[1] = '/Applications/Unity/Hub/Editor/6000.0.49f1/Unity.app/Contents/MonoBleedingEdge/lib/mono/unityjit-macos'
Mono config path = '/Applications/Unity/Hub/Editor/6000.0.49f1/Unity.app/Contents/MonoBleedingEdge/etc'
Using monoOptions --debugger-agent=transport=dt_socket,embedding=1,server=y,suspend=n,address=127.0.0.1:56959
Begin MonoManager ReloadAssembly
Registering precompiled unity dll's ...
Register platform support module: /Applications/Unity/Hub/Editor/6000.0.49f1/Unity.app/Contents/PlaybackEngines/MacStandaloneSupport/UnityEditor.OSXStandalone.Extensions.dll
Register platform support module: /Applications/Unity/Hub/Editor/6000.0.49f1/PlaybackEngines/VisionOSPlayer/UnityEditor.VisionOS.Extensions.dll
Register platform support module: /Applications/Unity/Hub/Editor/6000.0.49f1/PlaybackEngines/WindowsStandaloneSupport/UnityEditor.WindowsStandalone.Extensions.dll
Register platform support module: /Applications/Unity/Hub/Editor/6000.0.49f1/PlaybackEngines/AndroidPlayer/UnityEditor.Android.Extensions.dll
Register platform support module: /Applications/Unity/Hub/Editor/6000.0.49f1/PlaybackEngines/iOSSupport/UnityEditor.iOS.Extensions.dll
Registered in 0.001142 seconds.
- Loaded All Assemblies, in  0.189 seconds
[usbmuxd] Start listen thread
[usbmuxd] Listen thread started
[usbmuxd] Send listen message
Native extension for iOS target not found
Native extension for Android target not found
Android Extension - Scanning For ADB Devices 53 ms
Native extension for WindowsStandalone target not found
objc[77959]: Class XcodeScriptingDelegate is implemented in both /Applications/Unity/Hub/Editor/6000.0.49f1/PlaybackEngines/iOSSupport/arm64/UnityEditor.iOS.Native.dylib (0x148b18610) and /Applications/Unity/Hub/Editor/6000.0.49f1/PlaybackEngines/VisionOSPlayer/arm64/UnityEditor.VisionOS.Native.dylib (0x14911c610). This may cause spurious casting failures and mysterious crashes. One of the duplicates must be removed or renamed.
[usbmuxd] Start listen thread
[usbmuxd] Listen thread started
[usbmuxd] Send listen message
Native extension for VisionOS target not found
Native extension for OSXStandalone target not found
Mono: successfully reloaded assembly
- Finished resetting the current domain, in  0.325 seconds
Domain Reload Profiling: 515ms
	BeginReloadAssembly (46ms)
		ExecutionOrderSort (0ms)
		DisableScriptedObjects (0ms)
		BackupInstance (0ms)
		ReleaseScriptingObjects (0ms)
		CreateAndSetChildDomain (0ms)
	RebuildCommonClasses (20ms)
	RebuildNativeTypeToScriptingClass (7ms)
	initialDomainReloadingComplete (22ms)
	LoadAllAssembliesAndSetupDomain (94ms)
		LoadAssemblies (47ms)
		RebuildTransferFunctionScriptingTraits (0ms)
		AnalyzeDomain (92ms)
			TypeCache.Refresh (91ms)
				TypeCache.ScanAssembly (84ms)
			BuildScriptInfoCaches (0ms)
			ResolveRequiredComponents (0ms)
	FinalizeReload (326ms)
		ReleaseScriptCaches (0ms)
		RebuildScriptCaches (0ms)
		SetupLoadedEditorAssemblies (292ms)
			LogAssemblyErrors (0ms)
			InitializePlatformSupportModulesInManaged (157ms)
			SetLoadedEditorAssemblies (2ms)
			BeforeProcessingInitializeOnLoad (38ms)
			ProcessInitializeOnLoadAttributes (66ms)
			ProcessInitializeOnLoadMethodAttributes (29ms)
			AfterProcessingInitializeOnLoad (0ms)
			EditorAssembliesLoaded (0ms)
		ExecutionOrderSort2 (0ms)
		AwakeInstancesAfterBackupRestoration (0ms)
Assembly reference Packages/com.unity.entities/Unity.Scenes.Editor/Internals/Properties/Unity.Properties.Internals.asmref has no target assembly definition
========================================================================
Worker process is ready to serve import requests
Import Worker Mode flag is 0x00
Assembly reference Packages/com.unity.entities/Unity.Scenes.Editor/Internals/Properties/Unity.Properties.Internals.asmref has no target assembly definition
Assembly reference Packages/com.unity.entities/Unity.Scenes.Editor/Internals/Properties/Unity.Properties.Internals.asmref has no target assembly definition
Begin MonoManager ReloadAssembly
Symbol file LoadedFromMemory is not a mono symbol file
- Loaded All Assemblies, in  0.549 seconds
Assembly reference Packages/com.unity.entities/Unity.Scenes.Editor/Internals/Properties/Unity.Properties.Internals.asmref has no target assembly definition
Refreshing native plugins compatible for Editor in 1.53 ms, found 7 plugins.
Native extension for iOS target not found
Native extension for Android target not found
Native extension for WindowsStandalone target not found
Native extension for VisionOS target not found
Native extension for OSXStandalone target not found
Assembly reference Packages/com.unity.entities/Unity.Scenes.Editor/Internals/Properties/Unity.Properties.Internals.asmref has no target assembly definition
Package Manager log level set to [2]
[Package Manager] Failed to launch server process. Reason: Unity was launched with the -noUpm command-line argument
[Package Manager] Unable to send message (not connected to server process).
[Package Manager] Cannot connect to Unity Package Manager local server
TypeManager.Initialize took: 221ms
Refreshing native plugins compatible for Editor in 1.66 ms, found 7 plugins.
System.Reflection.TargetInvocationException: Exception has been thrown by the target of an invocation. ---> System.NullReferenceException: Object reference not set to an instance of an object
  at Unity.PolySpatial.PolySpatialSettings.LoadPackageVersion () [0x0003c] in ./Library/PackageCache/com.unity.polyspatial@d223e8e81ba4/Runtime/Public/PolySpatialSettingsForEditor.cs:243 
  at Unity.PolySpatial.PolySpatialSettings.InitializeInEditor () [0x00007] in ./Library/PackageCache/com.unity.polyspatial@d223e8e81ba4/Runtime/Public/PolySpatialSettingsForEditor.cs:225 
  at (wrapper managed-to-native) System.Reflection.RuntimeMethodInfo.InternalInvoke(System.Reflection.RuntimeMethodInfo,object,object[],System.Exception&)
  at System.Reflection.RuntimeMethodInfo.Invoke (System.Object obj, System.Reflection.BindingFlags invokeAttr, System.Reflection.Binder binder, System.Object[] parameters, System.Globalization.CultureInfo culture) [0x0006a] in <82571d7f5249456da89e34eb003220a7>:0 
   --- End of inner exception stack trace ---
  at System.Reflection.RuntimeMethodInfo.Invoke (System.Object obj, System.Reflection.BindingFlags invokeAttr, System.Reflection.Binder binder, System.Object[] parameters, System.Globalization.CultureInfo culture) [0x00083] in <82571d7f5249456da89e34eb003220a7>:0 
  at System.Reflection.MethodBase.Invoke (System.Object obj, System.Object[] parameters) [0x00000] in <82571d7f5249456da89e34eb003220a7>:0 
  at UnityEditor.EditorAssemblies.ProcessInitializeOnLoadMethodAttributes () [0x00056] in /Users/bokken/build/output/unity/unity/Editor/Mono/EditorAssemblies.cs:142 
UnityEngine.Debug:ExtractStackTraceNoAlloc (byte*,int,string)
UnityEngine.StackTraceUtility:ExtractStackTrace () (at /Users/bokken/build/output/unity/unity/Runtime/Export/Scripting/StackTrace.cs:37)
UnityEngine.DebugLogHandler:Internal_Log (UnityEngine.LogType,UnityEngine.LogOption,string,UnityEngine.Object)
UnityEngine.DebugLogHandler:LogFormat (UnityEngine.LogType,UnityEngine.Object,string,object[])
UnityEngine.Logger:Log (UnityEngine.LogType,object)
UnityEngine.Debug:LogError (object)
UnityEditor.EditorAssemblies:ProcessInitializeOnLoadMethodAttributes () (at /Users/bokken/build/output/unity/unity/Editor/Mono/EditorAssemblies.cs:146)

(Filename: /Users/bokken/build/output/unity/unity/Editor/Mono/EditorAssemblies.cs Line: 146)

Mono: successfully reloaded assembly
[Package Manager] Failed to launch server process. Reason: Unity was launched with the -noUpm command-line argument
[Package Manager] Unable to send message (not connected to server process).
[Package Manager] Cannot connect to Unity Package Manager local server
[Package Manager] Failed to launch server process. Reason: Unity was launched with the -noUpm command-line argument
[Package Manager] Unable to send message (not connected to server process).
[Package Manager] Cannot connect to Unity Package Manager local server
- Finished resetting the current domain, in  0.825 seconds
Domain Reload Profiling: 1371ms
	BeginReloadAssembly (75ms)
		ExecutionOrderSort (0ms)
		DisableScriptedObjects (3ms)
		BackupInstance (0ms)
		ReleaseScriptingObjects (0ms)
		CreateAndSetChildDomain (23ms)
	RebuildCommonClasses (21ms)
	RebuildNativeTypeToScriptingClass (7ms)
	initialDomainReloadingComplete (34ms)
	LoadAllAssembliesAndSetupDomain (409ms)
		LoadAssemblies (181ms)
		RebuildTransferFunctionScriptingTraits (0ms)
		AnalyzeDomain (257ms)
			TypeCache.Refresh (203ms)
				TypeCache.ScanAssembly (188ms)
			BuildScriptInfoCaches (40ms)
			ResolveRequiredComponents (11ms)
	FinalizeReload (825ms)
		ReleaseScriptCaches (0ms)
		RebuildScriptCaches (0ms)
		SetupLoadedEditorAssemblies (720ms)
			LogAssemblyErrors (0ms)
			InitializePlatformSupportModulesInManaged (15ms)
			SetLoadedEditorAssemblies (4ms)
			BeforeProcessingInitializeOnLoad (88ms)
			ProcessInitializeOnLoadAttributes (527ms)
			ProcessInitializeOnLoadMethodAttributes (85ms)
			AfterProcessingInitializeOnLoad (1ms)
			EditorAssembliesLoaded (0ms)
		ExecutionOrderSort2 (0ms)
		AwakeInstancesAfterBackupRestoration (1ms)
WARNING: Shader Unsupported: 'Hidden/Simulation/URP/Synthetic' - All subshaders removed
WARNING: Shader Did you use #pragma only_renderers and omit this platform?
WARNING: Shader If subshaders removal was intentional, you may have forgotten turning Fallback off?
WARNING: Shader Unsupported: 'Hidden/Simulation/URP/Synthetic' - All subshaders removed
WARNING: Shader Did you use #pragma only_renderers and omit this platform?
WARNING: Shader If subshaders removal was intentional, you may have forgotten turning Fallback off?
WARNING: Shader Unsupported: 'Hidden/Simulation/Synthetic Lit' - All subshaders removed
WARNING: Shader Did you use #pragma only_renderers and omit this platform?
WARNING: Shader If subshaders removal was intentional, you may have forgotten turning Fallback off?
WARNING: Shader Unsupported: 'Hidden/Simulation/Synthetic Lit' - All subshaders removed
WARNING: Shader Did you use #pragma only_renderers and omit this platform?
WARNING: Shader If subshaders removal was intentional, you may have forgotten turning Fallback off?
WARNING: Shader Unsupported: 'Simulation/Standard Lit' - All subshaders removed
WARNING: Shader Did you use #pragma only_renderers and omit this platform?
WARNING: Shader If subshaders removal was intentional, you may have forgotten turning Fallback off?
WARNING: Shader Unsupported: 'Simulation/Standard Lit' - All subshaders removed
WARNING: Shader Did you use #pragma only_renderers and omit this platform?
WARNING: Shader If subshaders removal was intentional, you may have forgotten turning Fallback off?
WARNING: Shader Unsupported: 'Universal Render Pipeline/VR/SpatialMapping/Wireframe' - All subshaders removed
WARNING: Shader Did you use #pragma only_renderers and omit this platform?
WARNING: Shader If subshaders removal was intentional, you may have forgotten turning Fallback off?
WARNING: Shader Unsupported: 'Universal Render Pipeline/VR/SpatialMapping/Wireframe' - All subshaders removed
WARNING: Shader Did you use #pragma only_renderers and omit this platform?
WARNING: Shader If subshaders removal was intentional, you may have forgotten turning Fallback off?
WARNING: Shader Unsupported: 'Simulation/URP/Room X-Ray' - All subshaders removed
WARNING: Shader Did you use #pragma only_renderers and omit this platform?
WARNING: Shader If subshaders removal was intentional, you may have forgotten turning Fallback off?
WARNING: Shader Unsupported: 'Simulation/URP/Room X-Ray' - All subshaders removed
WARNING: Shader Did you use #pragma only_renderers and omit this platform?
WARNING: Shader If subshaders removal was intentional, you may have forgotten turning Fallback off?
WARNING: Shader Unsupported: 'Simulation/Room X-Ray' - All subshaders removed
WARNING: Shader Did you use #pragma only_renderers and omit this platform?
WARNING: Shader If subshaders removal was intentional, you may have forgotten turning Fallback off?
WARNING: Shader Unsupported: 'Simulation/Room X-Ray' - All subshaders removed
WARNING: Shader Did you use #pragma only_renderers and omit this platform?
WARNING: Shader If subshaders removal was intentional, you may have forgotten turning Fallback off?
WARNING: Shader Unsupported: 'Simulation/URP/Lit' - All subshaders removed
WARNING: Shader Did you use #pragma only_renderers and omit this platform?
WARNING: Shader If subshaders removal was intentional, you may have forgotten turning Fallback off?
WARNING: Shader Unsupported: 'Simulation/URP/Lit' - All subshaders removed
WARNING: Shader Did you use #pragma only_renderers and omit this platform?
WARNING: Shader If subshaders removal was intentional, you may have forgotten turning Fallback off?
Launching external process: /Applications/Unity/Hub/Editor/6000.0.49f1/Unity.app/Contents/Tools/UnityShaderCompiler
Launched and connected shader compiler UnityShaderCompiler after 0.02 seconds
Refreshing native plugins compatible for Editor in 1.55 ms, found 7 plugins.
Preloading 0 native plugins for Editor in 0.00 ms.
Unloading 298 Unused Serialized files (Serialized files now loaded: 0)
Unloading 10428 unused Assets / (9.0 MB). Loaded Objects now: 11151.
Memory consumption went from 230.0 MB to 221.0 MB.
Total: 9.279416 ms (FindLiveObjects: 0.434625 ms CreateObjectMapping: 0.207250 ms MarkObjects: 6.257541 ms  DeleteObjects: 2.379625 ms)

========================================================================
Received Import Request.
  Time since last request: 713130.688725 seconds.
  path: Assets/Script/AudioPhaseProcessor.cs
  artifactKey: Guid(0f620cdb3e231440e9fef0dfdbfd11f1) Importer(815301076,1909f56bfc062723c751e8b465ee728b)
Start importing Assets/Script/AudioPhaseProcessor.cs using Guid(0f620cdb3e231440e9fef0dfdbfd11f1) Importer(815301076,1909f56bfc062723c751e8b465ee728b) (PreviewImporter) -> (artifact id: '15766b03a294ff3d864b1d9a7fc460dd') in 0.002258 seconds
Number of updated asset objects reloaded before import = 0Number of asset objects unloaded after import = 0

========================================================================
Received Import Request.
  Time since last request: 364.657931 seconds.
  path: Assets/Christmas-Presents/Prefabs/Candy-Cane.prefab
  artifactKey: Guid(7a8d4342bb20e6c4484920469f8148e0) Importer(815301076,1909f56bfc062723c751e8b465ee728b)
Start importing Assets/Christmas-Presents/Prefabs/Candy-Cane.prefab using Guid(7a8d4342bb20e6c4484920469f8148e0) Importer(815301076,1909f56bfc062723c751e8b465ee728b) (PreviewImporter) -> (artifact id: 'b386822df6d8c5e47688cc7870e8f268') in 0.21718275 seconds
Number of updated asset objects reloaded before import = 0Number of asset objects unloaded after import = 13

========================================================================
Received Import Request.
  Time since last request: 0.000054 seconds.
  path: Assets/EvSeStudio/3D_Art/Environment/Cans_Vol_01/Aluminum_Can_01/Textures/T_Aluminum_Can_01_Normal.png
  artifactKey: Guid(e374ebb9aba7a774da745f97e8801d8f) Importer(815301076,1909f56bfc062723c751e8b465ee728b)
Start importing Assets/EvSeStudio/3D_Art/Environment/Cans_Vol_01/Aluminum_Can_01/Textures/T_Aluminum_Can_01_Normal.png using Guid(e374ebb9aba7a774da745f97e8801d8f) Importer(815301076,1909f56bfc062723c751e8b465ee728b) (PreviewImporter) -> (artifact id: '42ffb5d55ffe43d9eb20c6ba65e8d551') in 0.00947775 seconds
Number of updated asset objects reloaded before import = 0Number of asset objects unloaded after import = 2

========================================================================
Received Import Request.
  Time since last request: 0.000031 seconds.
  path: Assets/EvSeStudio/3D_Art/Environment/Cans_Vol_01/Aluminum_Can_01/Textures/T_Aluminum_Can_01_BaseMap.png
  artifactKey: Guid(645c04ec1eb22aa408dcac4e1ce84ebe) Importer(815301076,1909f56bfc062723c751e8b465ee728b)
Start importing Assets/EvSeStudio/3D_Art/Environment/Cans_Vol_01/Aluminum_Can_01/Textures/T_Aluminum_Can_01_BaseMap.png using Guid(645c04ec1eb22aa408dcac4e1ce84ebe) Importer(815301076,1909f56bfc062723c751e8b465ee728b) (PreviewImporter) -> (artifact id: 'd8fc5b94209cec996e3f0ceb2467e928') in 0.004225625 seconds
Number of updated asset objects reloaded before import = 0Number of asset objects unloaded after import = 2

========================================================================
Received Import Request.
  Time since last request: 0.000034 seconds.
  path: Assets/EvSeStudio/3D_Art/Environment/Cans_Vol_01/Aluminum_Can_01/Prefabs/SM_Aluminum_Can_01_Closed.prefab
  artifactKey: Guid(091c40835fc7ae44ba18d6d34a022afa) Importer(815301076,1909f56bfc062723c751e8b465ee728b)
Start importing Assets/EvSeStudio/3D_Art/Environment/Cans_Vol_01/Aluminum_Can_01/Prefabs/SM_Aluminum_Can_01_Closed.prefab using Guid(091c40835fc7ae44ba18d6d34a022afa) Importer(815301076,1909f56bfc062723c751e8b465ee728b) (PreviewImporter) -> (artifact id: '741fc60f1accb840afbfdf873e985e6f') in 0.01190075 seconds
Number of updated asset objects reloaded before import = 0Number of asset objects unloaded after import = 110

========================================================================
Received Import Request.
  Time since last request: 0.000045 seconds.
  path: Assets/Christmas-Presents/FBX/Candy-Cane.fbx
  artifactKey: Guid(b836073c6cab63d4cbe80ae0d4326cd9) Importer(815301076,1909f56bfc062723c751e8b465ee728b)
Start importing Assets/Christmas-Presents/FBX/Candy-Cane.fbx using Guid(b836073c6cab63d4cbe80ae0d4326cd9) Importer(815301076,1909f56bfc062723c751e8b465ee728b) (PreviewImporter) -> (artifact id: 'b4b04f6c7fbb16639942ff0ac99f6e4e') in 0.066013708 seconds
Number of updated asset objects reloaded before import = 0Number of asset objects unloaded after import = 12

========================================================================
Received Import Request.
  Time since last request: 0.000046 seconds.
  path: Assets/EvSeStudio/3D_Art/Environment/Cans_Vol_01/Aluminum_Can_01/Textures/T_Aluminum_Can_01_AO.png
  artifactKey: Guid(5fe8d8eb45f4da24d854536b2bab7a0c) Importer(815301076,1909f56bfc062723c751e8b465ee728b)
Start importing Assets/EvSeStudio/3D_Art/Environment/Cans_Vol_01/Aluminum_Can_01/Textures/T_Aluminum_Can_01_AO.png using Guid(5fe8d8eb45f4da24d854536b2bab7a0c) Importer(815301076,1909f56bfc062723c751e8b465ee728b) (PreviewImporter) -> (artifact id: '8fdc9b0e7e741e76dc01d446ffb833e0') in 0.002956625 seconds
Number of updated asset objects reloaded before import = 0Number of asset objects unloaded after import = 2

========================================================================
Received Prepare
WARNING: Shader Unsupported: 'Hidden/Simulation/URP/Synthetic' - All subshaders removed
WARNING: Shader Did you use #pragma only_renderers and omit this platform?
WARNING: Shader If subshaders removal was intentional, you may have forgotten turning Fallback off?
WARNING: Shader Unsupported: 'Hidden/Simulation/URP/Synthetic' - All subshaders removed
WARNING: Shader Did you use #pragma only_renderers and omit this platform?
WARNING: Shader If subshaders removal was intentional, you may have forgotten turning Fallback off?
WARNING: Shader Unsupported: 'Hidden/Simulation/Synthetic Lit' - All subshaders removed
WARNING: Shader Did you use #pragma only_renderers and omit this platform?
WARNING: Shader If subshaders removal was intentional, you may have forgotten turning Fallback off?
WARNING: Shader Unsupported: 'Hidden/Simulation/Synthetic Lit' - All subshaders removed
WARNING: Shader Did you use #pragma only_renderers and omit this platform?
WARNING: Shader If subshaders removal was intentional, you may have forgotten turning Fallback off?
WARNING: Shader Unsupported: 'Simulation/Standard Lit' - All subshaders removed
WARNING: Shader Did you use #pragma only_renderers and omit this platform?
WARNING: Shader If subshaders removal was intentional, you may have forgotten turning Fallback off?
WARNING: Shader Unsupported: 'Simulation/Standard Lit' - All subshaders removed
WARNING: Shader Did you use #pragma only_renderers and omit this platform?
WARNING: Shader If subshaders removal was intentional, you may have forgotten turning Fallback off?
WARNING: Shader Unsupported: 'Universal Render Pipeline/VR/SpatialMapping/Wireframe' - All subshaders removed
WARNING: Shader Did you use #pragma only_renderers and omit this platform?
WARNING: Shader If subshaders removal was intentional, you may have forgotten turning Fallback off?
WARNING: Shader Unsupported: 'Universal Render Pipeline/VR/SpatialMapping/Wireframe' - All subshaders removed
WARNING: Shader Did you use #pragma only_renderers and omit this platform?
WARNING: Shader If subshaders removal was intentional, you may have forgotten turning Fallback off?
WARNING: Shader Unsupported: 'Simulation/URP/Room X-Ray' - All subshaders removed
WARNING: Shader Did you use #pragma only_renderers and omit this platform?
WARNING: Shader If subshaders removal was intentional, you may have forgotten turning Fallback off?
WARNING: Shader Unsupported: 'Simulation/URP/Room X-Ray' - All subshaders removed
WARNING: Shader Did you use #pragma only_renderers and omit this platform?
WARNING: Shader If subshaders removal was intentional, you may have forgotten turning Fallback off?
WARNING: Shader Unsupported: 'Simulation/Room X-Ray' - All subshaders removed
WARNING: Shader Did you use #pragma only_renderers and omit this platform?
WARNING: Shader If subshaders removal was intentional, you may have forgotten turning Fallback off?
WARNING: Shader Unsupported: 'Simulation/Room X-Ray' - All subshaders removed
WARNING: Shader Did you use #pragma only_renderers and omit this platform?
WARNING: Shader If subshaders removal was intentional, you may have forgotten turning Fallback off?
WARNING: Shader Unsupported: 'Simulation/URP/Lit' - All subshaders removed
WARNING: Shader Did you use #pragma only_renderers and omit this platform?
WARNING: Shader If subshaders removal was intentional, you may have forgotten turning Fallback off?
WARNING: Shader Unsupported: 'Simulation/URP/Lit' - All subshaders removed
WARNING: Shader Did you use #pragma only_renderers and omit this platform?
WARNING: Shader If subshaders removal was intentional, you may have forgotten turning Fallback off?
Refreshing native plugins compatible for Editor in 1.19 ms, found 7 plugins.
Preloading 0 native plugins for Editor in 0.00 ms.
Unloading 36 Unused Serialized files (Serialized files now loaded: 0)
Unloading 10381 unused Assets / (7.0 MB). Loaded Objects now: 11300.
Memory consumption went from 189.2 MB to 182.2 MB.
Total: 9.505917 ms (FindLiveObjects: 0.452500 ms CreateObjectMapping: 0.208750 ms MarkObjects: 6.443333 ms  DeleteObjects: 2.400833 ms)

Prepare: number of updated asset objects reloaded= 0
========================================================================
Received Prepare
WARNING: Shader Unsupported: 'Hidden/Simulation/URP/Synthetic' - All subshaders removed
WARNING: Shader Did you use #pragma only_renderers and omit this platform?
WARNING: Shader If subshaders removal was intentional, you may have forgotten turning Fallback off?
WARNING: Shader Unsupported: 'Hidden/Simulation/URP/Synthetic' - All subshaders removed
WARNING: Shader Did you use #pragma only_renderers and omit this platform?
WARNING: Shader If subshaders removal was intentional, you may have forgotten turning Fallback off?
WARNING: Shader Unsupported: 'Hidden/Simulation/Synthetic Lit' - All subshaders removed
WARNING: Shader Did you use #pragma only_renderers and omit this platform?
WARNING: Shader If subshaders removal was intentional, you may have forgotten turning Fallback off?
WARNING: Shader Unsupported: 'Hidden/Simulation/Synthetic Lit' - All subshaders removed
WARNING: Shader Did you use #pragma only_renderers and omit this platform?
WARNING: Shader If subshaders removal was intentional, you may have forgotten turning Fallback off?
WARNING: Shader Unsupported: 'Simulation/Standard Lit' - All subshaders removed
WARNING: Shader Did you use #pragma only_renderers and omit this platform?
WARNING: Shader If subshaders removal was intentional, you may have forgotten turning Fallback off?
WARNING: Shader Unsupported: 'Simulation/Standard Lit' - All subshaders removed
WARNING: Shader Did you use #pragma only_renderers and omit this platform?
WARNING: Shader If subshaders removal was intentional, you may have forgotten turning Fallback off?
WARNING: Shader Unsupported: 'Universal Render Pipeline/VR/SpatialMapping/Wireframe' - All subshaders removed
WARNING: Shader Did you use #pragma only_renderers and omit this platform?
WARNING: Shader If subshaders removal was intentional, you may have forgotten turning Fallback off?
WARNING: Shader Unsupported: 'Universal Render Pipeline/VR/SpatialMapping/Wireframe' - All subshaders removed
WARNING: Shader Did you use #pragma only_renderers and omit this platform?
WARNING: Shader If subshaders removal was intentional, you may have forgotten turning Fallback off?
WARNING: Shader Unsupported: 'Simulation/URP/Room X-Ray' - All subshaders removed
WARNING: Shader Did you use #pragma only_renderers and omit this platform?
WARNING: Shader If subshaders removal was intentional, you may have forgotten turning Fallback off?
WARNING: Shader Unsupported: 'Simulation/URP/Room X-Ray' - All subshaders removed
WARNING: Shader Did you use #pragma only_renderers and omit this platform?
WARNING: Shader If subshaders removal was intentional, you may have forgotten turning Fallback off?
WARNING: Shader Unsupported: 'Simulation/Room X-Ray' - All subshaders removed
WARNING: Shader Did you use #pragma only_renderers and omit this platform?
WARNING: Shader If subshaders removal was intentional, you may have forgotten turning Fallback off?
WARNING: Shader Unsupported: 'Simulation/Room X-Ray' - All subshaders removed
WARNING: Shader Did you use #pragma only_renderers and omit this platform?
WARNING: Shader If subshaders removal was intentional, you may have forgotten turning Fallback off?
WARNING: Shader Unsupported: 'Simulation/URP/Lit' - All subshaders removed
WARNING: Shader Did you use #pragma only_renderers and omit this platform?
WARNING: Shader If subshaders removal was intentional, you may have forgotten turning Fallback off?
WARNING: Shader Unsupported: 'Simulation/URP/Lit' - All subshaders removed
WARNING: Shader Did you use #pragma only_renderers and omit this platform?
WARNING: Shader If subshaders removal was intentional, you may have forgotten turning Fallback off?
Refreshing native plugins compatible for Editor in 1.48 ms, found 7 plugins.
Preloading 0 native plugins for Editor in 0.00 ms.
Unloading 36 Unused Serialized files (Serialized files now loaded: 0)
Unloading 10381 unused Assets / (9.6 MB). Loaded Objects now: 11301.
Memory consumption went from 187.4 MB to 177.8 MB.
Total: 9.514167 ms (FindLiveObjects: 0.483042 ms CreateObjectMapping: 0.244916 ms MarkObjects: 6.280209 ms  DeleteObjects: 2.505833 ms)

Prepare: number of updated asset objects reloaded= 0
========================================================================
Received Prepare
Assembly reference Packages/com.unity.entities/Unity.Scenes.Editor/Internals/Properties/Unity.Properties.Internals.asmref has no target assembly definition
Assembly reference Packages/com.unity.entities/Unity.Scenes.Editor/Internals/Properties/Unity.Properties.Internals.asmref has no target assembly definition
Begin MonoManager ReloadAssembly
Thread 0x36c99b000 may have been prematurely finalized
Symbol file LoadedFromMemory is not a mono symbol file
- Loaded All Assemblies, in  0.498 seconds
Assembly reference Packages/com.unity.entities/Unity.Scenes.Editor/Internals/Properties/Unity.Properties.Internals.asmref has no target assembly definition
Refreshing native plugins compatible for Editor in 1.15 ms, found 7 plugins.
Native extension for iOS target not found
Native extension for Android target not found
Native extension for WindowsStandalone target not found
Native extension for VisionOS target not found
Native extension for OSXStandalone target not found
Assembly reference Packages/com.unity.entities/Unity.Scenes.Editor/Internals/Properties/Unity.Properties.Internals.asmref has no target assembly definition
[Package Manager] Failed to launch server process. Reason: Unity was launched with the -noUpm command-line argument
[Package Manager] Unable to send message (not connected to server process).
[Package Manager] Cannot connect to Unity Package Manager local server
TypeManager.Initialize took: 211ms
Refreshing native plugins compatible for Editor in 1.51 ms, found 7 plugins.
System.Reflection.TargetInvocationException: Exception has been thrown by the target of an invocation. ---> System.NullReferenceException: Object reference not set to an instance of an object
  at Unity.PolySpatial.PolySpatialSettings.LoadPackageVersion () [0x0003c] in ./Library/PackageCache/com.unity.polyspatial@d223e8e81ba4/Runtime/Public/PolySpatialSettingsForEditor.cs:243 
  at Unity.PolySpatial.PolySpatialSettings.InitializeInEditor () [0x00007] in ./Library/PackageCache/com.unity.polyspatial@d223e8e81ba4/Runtime/Public/PolySpatialSettingsForEditor.cs:225 
  at (wrapper managed-to-native) System.Reflection.RuntimeMethodInfo.InternalInvoke(System.Reflection.RuntimeMethodInfo,object,object[],System.Exception&)
  at System.Reflection.RuntimeMethodInfo.Invoke (System.Object obj, System.Reflection.BindingFlags invokeAttr, System.Reflection.Binder binder, System.Object[] parameters, System.Globalization.CultureInfo culture) [0x0006a] in <82571d7f5249456da89e34eb003220a7>:0 
   --- End of inner exception stack trace ---
  at System.Reflection.RuntimeMethodInfo.Invoke (System.Object obj, System.Reflection.BindingFlags invokeAttr, System.Reflection.Binder binder, System.Object[] parameters, System.Globalization.CultureInfo culture) [0x00083] in <82571d7f5249456da89e34eb003220a7>:0 
  at System.Reflection.MethodBase.Invoke (System.Object obj, System.Object[] parameters) [0x00000] in <82571d7f5249456da89e34eb003220a7>:0 
  at UnityEditor.EditorAssemblies.ProcessInitializeOnLoadMethodAttributes () [0x00056] in /Users/bokken/build/output/unity/unity/Editor/Mono/EditorAssemblies.cs:142 
UnityEngine.Debug:ExtractStackTraceNoAlloc (byte*,int,string)
UnityEngine.StackTraceUtility:ExtractStackTrace () (at /Users/bokken/build/output/unity/unity/Runtime/Export/Scripting/StackTrace.cs:37)
UnityEngine.DebugLogHandler:Internal_Log (UnityEngine.LogType,UnityEngine.LogOption,string,UnityEngine.Object)
UnityEngine.DebugLogHandler:LogFormat (UnityEngine.LogType,UnityEngine.Object,string,object[])
UnityEngine.Logger:Log (UnityEngine.LogType,object)
UnityEngine.Debug:LogError (object)
UnityEditor.EditorAssemblies:ProcessInitializeOnLoadMethodAttributes () (at /Users/bokken/build/output/unity/unity/Editor/Mono/EditorAssemblies.cs:146)

(Filename: /Users/bokken/build/output/unity/unity/Editor/Mono/EditorAssemblies.cs Line: 146)

Mono: successfully reloaded assembly
[Package Manager] Failed to launch server process. Reason: Unity was launched with the -noUpm command-line argument
[Package Manager] Unable to send message (not connected to server process).
[Package Manager] Cannot connect to Unity Package Manager local server
- Finished resetting the current domain, in  0.777 seconds
Domain Reload Profiling: 1278ms
	BeginReloadAssembly (143ms)
		ExecutionOrderSort (0ms)
		DisableScriptedObjects (9ms)
		BackupInstance (0ms)
		ReleaseScriptingObjects (0ms)
		CreateAndSetChildDomain (77ms)
	RebuildCommonClasses (19ms)
	RebuildNativeTypeToScriptingClass (7ms)
	initialDomainReloadingComplete (22ms)
	LoadAllAssembliesAndSetupDomain (310ms)
		LoadAssemblies (165ms)
		RebuildTransferFunctionScriptingTraits (0ms)
		AnalyzeDomain (166ms)
			TypeCache.Refresh (9ms)
				TypeCache.ScanAssembly (1ms)
			BuildScriptInfoCaches (145ms)
			ResolveRequiredComponents (10ms)
	FinalizeReload (777ms)
		ReleaseScriptCaches (0ms)
		RebuildScriptCaches (0ms)
		SetupLoadedEditorAssemblies (683ms)
			LogAssemblyErrors (0ms)
			InitializePlatformSupportModulesInManaged (16ms)
			SetLoadedEditorAssemblies (4ms)
			BeforeProcessingInitializeOnLoad (84ms)
			ProcessInitializeOnLoadAttributes (497ms)
			ProcessInitializeOnLoadMethodAttributes (82ms)
			AfterProcessingInitializeOnLoad (1ms)
			EditorAssembliesLoaded (0ms)
		ExecutionOrderSort2 (0ms)
		AwakeInstancesAfterBackupRestoration (5ms)
WARNING: Shader Unsupported: 'Hidden/Simulation/URP/Synthetic' - All subshaders removed
WARNING: Shader Did you use #pragma only_renderers and omit this platform?
WARNING: Shader If subshaders removal was intentional, you may have forgotten turning Fallback off?
WARNING: Shader Unsupported: 'Hidden/Simulation/URP/Synthetic' - All subshaders removed
WARNING: Shader Did you use #pragma only_renderers and omit this platform?
WARNING: Shader If subshaders removal was intentional, you may have forgotten turning Fallback off?
WARNING: Shader Unsupported: 'Hidden/Simulation/Synthetic Lit' - All subshaders removed
WARNING: Shader Did you use #pragma only_renderers and omit this platform?
WARNING: Shader If subshaders removal was intentional, you may have forgotten turning Fallback off?
WARNING: Shader Unsupported: 'Hidden/Simulation/Synthetic Lit' - All subshaders removed
WARNING: Shader Did you use #pragma only_renderers and omit this platform?
WARNING: Shader If subshaders removal was intentional, you may have forgotten turning Fallback off?
WARNING: Shader Unsupported: 'Simulation/Standard Lit' - All subshaders removed
WARNING: Shader Did you use #pragma only_renderers and omit this platform?
WARNING: Shader If subshaders removal was intentional, you may have forgotten turning Fallback off?
WARNING: Shader Unsupported: 'Simulation/Standard Lit' - All subshaders removed
WARNING: Shader Did you use #pragma only_renderers and omit this platform?
WARNING: Shader If subshaders removal was intentional, you may have forgotten turning Fallback off?
WARNING: Shader Unsupported: 'Universal Render Pipeline/VR/SpatialMapping/Wireframe' - All subshaders removed
WARNING: Shader Did you use #pragma only_renderers and omit this platform?
WARNING: Shader If subshaders removal was intentional, you may have forgotten turning Fallback off?
WARNING: Shader Unsupported: 'Universal Render Pipeline/VR/SpatialMapping/Wireframe' - All subshaders removed
WARNING: Shader Did you use #pragma only_renderers and omit this platform?
WARNING: Shader If subshaders removal was intentional, you may have forgotten turning Fallback off?
WARNING: Shader Unsupported: 'Simulation/URP/Room X-Ray' - All subshaders removed
WARNING: Shader Did you use #pragma only_renderers and omit this platform?
WARNING: Shader If subshaders removal was intentional, you may have forgotten turning Fallback off?
WARNING: Shader Unsupported: 'Simulation/URP/Room X-Ray' - All subshaders removed
WARNING: Shader Did you use #pragma only_renderers and omit this platform?
WARNING: Shader If subshaders removal was intentional, you may have forgotten turning Fallback off?
WARNING: Shader Unsupported: 'Simulation/Room X-Ray' - All subshaders removed
WARNING: Shader Did you use #pragma only_renderers and omit this platform?
WARNING: Shader If subshaders removal was intentional, you may have forgotten turning Fallback off?
WARNING: Shader Unsupported: 'Simulation/Room X-Ray' - All subshaders removed
WARNING: Shader Did you use #pragma only_renderers and omit this platform?
WARNING: Shader If subshaders removal was intentional, you may have forgotten turning Fallback off?
WARNING: Shader Unsupported: 'Simulation/URP/Lit' - All subshaders removed
WARNING: Shader Did you use #pragma only_renderers and omit this platform?
WARNING: Shader If subshaders removal was intentional, you may have forgotten turning Fallback off?
WARNING: Shader Unsupported: 'Simulation/URP/Lit' - All subshaders removed
WARNING: Shader Did you use #pragma only_renderers and omit this platform?
WARNING: Shader If subshaders removal was intentional, you may have forgotten turning Fallback off?
Refreshing native plugins compatible for Editor in 1.69 ms, found 7 plugins.
Preloading 0 native plugins for Editor in 0.00 ms.
Unloading 60 Unused Serialized files (Serialized files now loaded: 0)
Unloading 10451 unused Assets / (11.8 MB). Loaded Objects now: 11183.
Memory consumption went from 249.4 MB to 237.6 MB.
Total: 13.974333 ms (FindLiveObjects: 0.490292 ms CreateObjectMapping: 0.263208 ms MarkObjects: 9.209125 ms  DeleteObjects: 4.011416 ms)

Unloading 0 Unused Serialized files (Serialized files now loaded: 0)
Unloading 0 unused Assets / (3.7 MB). Loaded Objects now: 11183.
Memory consumption went from 237.5 MB to 233.8 MB.
Total: 5.819417 ms (FindLiveObjects: 0.233208 ms CreateObjectMapping: 0.081417 ms MarkObjects: 5.143250 ms  DeleteObjects: 0.361167 ms)

Prepare: number of updated asset objects reloaded= 0
========================================================================
Received Prepare
WARNING: Shader Unsupported: 'Hidden/Simulation/URP/Synthetic' - All subshaders removed
WARNING: Shader Did you use #pragma only_renderers and omit this platform?
WARNING: Shader If subshaders removal was intentional, you may have forgotten turning Fallback off?
WARNING: Shader Unsupported: 'Hidden/Simulation/URP/Synthetic' - All subshaders removed
WARNING: Shader Did you use #pragma only_renderers and omit this platform?
WARNING: Shader If subshaders removal was intentional, you may have forgotten turning Fallback off?
WARNING: Shader Unsupported: 'Hidden/Simulation/Synthetic Lit' - All subshaders removed
WARNING: Shader Did you use #pragma only_renderers and omit this platform?
WARNING: Shader If subshaders removal was intentional, you may have forgotten turning Fallback off?
WARNING: Shader Unsupported: 'Hidden/Simulation/Synthetic Lit' - All subshaders removed
WARNING: Shader Did you use #pragma only_renderers and omit this platform?
WARNING: Shader If subshaders removal was intentional, you may have forgotten turning Fallback off?
WARNING: Shader Unsupported: 'Simulation/Standard Lit' - All subshaders removed
WARNING: Shader Did you use #pragma only_renderers and omit this platform?
WARNING: Shader If subshaders removal was intentional, you may have forgotten turning Fallback off?
WARNING: Shader Unsupported: 'Simulation/Standard Lit' - All subshaders removed
WARNING: Shader Did you use #pragma only_renderers and omit this platform?
WARNING: Shader If subshaders removal was intentional, you may have forgotten turning Fallback off?
WARNING: Shader Unsupported: 'Universal Render Pipeline/VR/SpatialMapping/Wireframe' - All subshaders removed
WARNING: Shader Did you use #pragma only_renderers and omit this platform?
WARNING: Shader If subshaders removal was intentional, you may have forgotten turning Fallback off?
WARNING: Shader Unsupported: 'Universal Render Pipeline/VR/SpatialMapping/Wireframe' - All subshaders removed
WARNING: Shader Did you use #pragma only_renderers and omit this platform?
WARNING: Shader If subshaders removal was intentional, you may have forgotten turning Fallback off?
WARNING: Shader Unsupported: 'Simulation/URP/Room X-Ray' - All subshaders removed
WARNING: Shader Did you use #pragma only_renderers and omit this platform?
WARNING: Shader If subshaders removal was intentional, you may have forgotten turning Fallback off?
WARNING: Shader Unsupported: 'Simulation/URP/Room X-Ray' - All subshaders removed
WARNING: Shader Did you use #pragma only_renderers and omit this platform?
WARNING: Shader If subshaders removal was intentional, you may have forgotten turning Fallback off?
WARNING: Shader Unsupported: 'Simulation/Room X-Ray' - All subshaders removed
WARNING: Shader Did you use #pragma only_renderers and omit this platform?
WARNING: Shader If subshaders removal was intentional, you may have forgotten turning Fallback off?
WARNING: Shader Unsupported: 'Simulation/Room X-Ray' - All subshaders removed
WARNING: Shader Did you use #pragma only_renderers and omit this platform?
WARNING: Shader If subshaders removal was intentional, you may have forgotten turning Fallback off?
WARNING: Shader Unsupported: 'Simulation/URP/Lit' - All subshaders removed
WARNING: Shader Did you use #pragma only_renderers and omit this platform?
WARNING: Shader If subshaders removal was intentional, you may have forgotten turning Fallback off?
WARNING: Shader Unsupported: 'Simulation/URP/Lit' - All subshaders removed
WARNING: Shader Did you use #pragma only_renderers and omit this platform?
WARNING: Shader If subshaders removal was intentional, you may have forgotten turning Fallback off?
Refreshing native plugins compatible for Editor in 1.24 ms, found 7 plugins.
Preloading 0 native plugins for Editor in 0.00 ms.
Unloading 36 Unused Serialized files (Serialized files now loaded: 0)
Unloading 10382 unused Assets / (9.5 MB). Loaded Objects now: 11173.
Memory consumption went from 201.1 MB to 191.5 MB.
Total: 8.461250 ms (FindLiveObjects: 0.423833 ms CreateObjectMapping: 0.279042 ms MarkObjects: 5.405250 ms  DeleteObjects: 2.352833 ms)

Prepare: number of updated asset objects reloaded= 0
========================================================================
Received Prepare
Assembly reference Packages/com.unity.entities/Unity.Scenes.Editor/Internals/Properties/Unity.Properties.Internals.asmref has no target assembly definition
Assembly reference Packages/com.unity.entities/Unity.Scenes.Editor/Internals/Properties/Unity.Properties.Internals.asmref has no target assembly definition
Begin MonoManager ReloadAssembly
Thread 0x177557000 may have been prematurely finalized
Symbol file LoadedFromMemory is not a mono symbol file
- Loaded All Assemblies, in  0.496 seconds
Assembly reference Packages/com.unity.entities/Unity.Scenes.Editor/Internals/Properties/Unity.Properties.Internals.asmref has no target assembly definition
Refreshing native plugins compatible for Editor in 1.26 ms, found 7 plugins.
Native extension for iOS target not found
Native extension for Android target not found
Native extension for WindowsStandalone target not found
Native extension for VisionOS target not found
Native extension for OSXStandalone target not found
Assembly reference Packages/com.unity.entities/Unity.Scenes.Editor/Internals/Properties/Unity.Properties.Internals.asmref has no target assembly definition
[Package Manager] Failed to launch server process. Reason: Unity was launched with the -noUpm command-line argument
[Package Manager] Unable to send message (not connected to server process).
[Package Manager] Cannot connect to Unity Package Manager local server
TypeManager.Initialize took: 208ms
Refreshing native plugins compatible for Editor in 1.38 ms, found 7 plugins.
System.Reflection.TargetInvocationException: Exception has been thrown by the target of an invocation. ---> System.NullReferenceException: Object reference not set to an instance of an object
  at Unity.PolySpatial.PolySpatialSettings.LoadPackageVersion () [0x0003c] in ./Library/PackageCache/com.unity.polyspatial@d223e8e81ba4/Runtime/Public/PolySpatialSettingsForEditor.cs:243 
  at Unity.PolySpatial.PolySpatialSettings.InitializeInEditor () [0x00007] in ./Library/PackageCache/com.unity.polyspatial@d223e8e81ba4/Runtime/Public/PolySpatialSettingsForEditor.cs:225 
  at (wrapper managed-to-native) System.Reflection.RuntimeMethodInfo.InternalInvoke(System.Reflection.RuntimeMethodInfo,object,object[],System.Exception&)
  at System.Reflection.RuntimeMethodInfo.Invoke (System.Object obj, System.Reflection.BindingFlags invokeAttr, System.Reflection.Binder binder, System.Object[] parameters, System.Globalization.CultureInfo culture) [0x0006a] in <82571d7f5249456da89e34eb003220a7>:0 
   --- End of inner exception stack trace ---
  at System.Reflection.RuntimeMethodInfo.Invoke (System.Object obj, System.Reflection.BindingFlags invokeAttr, System.Reflection.Binder binder, System.Object[] parameters, System.Globalization.CultureInfo culture) [0x00083] in <82571d7f5249456da89e34eb003220a7>:0 
  at System.Reflection.MethodBase.Invoke (System.Object obj, System.Object[] parameters) [0x00000] in <82571d7f5249456da89e34eb003220a7>:0 
  at UnityEditor.EditorAssemblies.ProcessInitializeOnLoadMethodAttributes () [0x00056] in /Users/bokken/build/output/unity/unity/Editor/Mono/EditorAssemblies.cs:142 
UnityEngine.Debug:ExtractStackTraceNoAlloc (byte*,int,string)
UnityEngine.StackTraceUtility:ExtractStackTrace () (at /Users/bokken/build/output/unity/unity/Runtime/Export/Scripting/StackTrace.cs:37)
UnityEngine.DebugLogHandler:Internal_Log (UnityEngine.LogType,UnityEngine.LogOption,string,UnityEngine.Object)
UnityEngine.DebugLogHandler:LogFormat (UnityEngine.LogType,UnityEngine.Object,string,object[])
UnityEngine.Logger:Log (UnityEngine.LogType,object)
UnityEngine.Debug:LogError (object)
UnityEditor.EditorAssemblies:ProcessInitializeOnLoadMethodAttributes () (at /Users/bokken/build/output/unity/unity/Editor/Mono/EditorAssemblies.cs:146)

(Filename: /Users/bokken/build/output/unity/unity/Editor/Mono/EditorAssemblies.cs Line: 146)

Mono: successfully reloaded assembly
[Package Manager] Failed to launch server process. Reason: Unity was launched with the -noUpm command-line argument
[Package Manager] Unable to send message (not connected to server process).
[Package Manager] Cannot connect to Unity Package Manager local server
- Finished resetting the current domain, in  0.757 seconds
Domain Reload Profiling: 1256ms
	BeginReloadAssembly (126ms)
		ExecutionOrderSort (0ms)
		DisableScriptedObjects (3ms)
		BackupInstance (0ms)
		ReleaseScriptingObjects (0ms)
		CreateAndSetChildDomain (64ms)
	RebuildCommonClasses (20ms)
	RebuildNativeTypeToScriptingClass (7ms)
	initialDomainReloadingComplete (23ms)
	LoadAllAssembliesAndSetupDomain (324ms)
		LoadAssemblies (178ms)
		RebuildTransferFunctionScriptingTraits (0ms)
		AnalyzeDomain (169ms)
			TypeCache.Refresh (9ms)
				TypeCache.ScanAssembly (1ms)
			BuildScriptInfoCaches (147ms)
			ResolveRequiredComponents (11ms)
	FinalizeReload (757ms)
		ReleaseScriptCaches (0ms)
		RebuildScriptCaches (0ms)
		SetupLoadedEditorAssemblies (668ms)
			LogAssemblyErrors (0ms)
			InitializePlatformSupportModulesInManaged (16ms)
			SetLoadedEditorAssemblies (4ms)
			BeforeProcessingInitializeOnLoad (85ms)
			ProcessInitializeOnLoadAttributes (479ms)
			ProcessInitializeOnLoadMethodAttributes (81ms)
			AfterProcessingInitializeOnLoad (1ms)
			EditorAssembliesLoaded (3ms)
		ExecutionOrderSort2 (0ms)
		AwakeInstancesAfterBackupRestoration (6ms)
WARNING: Shader Unsupported: 'Hidden/Simulation/URP/Synthetic' - All subshaders removed
WARNING: Shader Did you use #pragma only_renderers and omit this platform?
WARNING: Shader If subshaders removal was intentional, you may have forgotten turning Fallback off?
WARNING: Shader Unsupported: 'Hidden/Simulation/URP/Synthetic' - All subshaders removed
WARNING: Shader Did you use #pragma only_renderers and omit this platform?
WARNING: Shader If subshaders removal was intentional, you may have forgotten turning Fallback off?
WARNING: Shader Unsupported: 'Hidden/Simulation/Synthetic Lit' - All subshaders removed
WARNING: Shader Did you use #pragma only_renderers and omit this platform?
WARNING: Shader If subshaders removal was intentional, you may have forgotten turning Fallback off?
WARNING: Shader Unsupported: 'Hidden/Simulation/Synthetic Lit' - All subshaders removed
WARNING: Shader Did you use #pragma only_renderers and omit this platform?
WARNING: Shader If subshaders removal was intentional, you may have forgotten turning Fallback off?
WARNING: Shader Unsupported: 'Simulation/Standard Lit' - All subshaders removed
WARNING: Shader Did you use #pragma only_renderers and omit this platform?
WARNING: Shader If subshaders removal was intentional, you may have forgotten turning Fallback off?
WARNING: Shader Unsupported: 'Simulation/Standard Lit' - All subshaders removed
WARNING: Shader Did you use #pragma only_renderers and omit this platform?
WARNING: Shader If subshaders removal was intentional, you may have forgotten turning Fallback off?
WARNING: Shader Unsupported: 'Universal Render Pipeline/VR/SpatialMapping/Wireframe' - All subshaders removed
WARNING: Shader Did you use #pragma only_renderers and omit this platform?
WARNING: Shader If subshaders removal was intentional, you may have forgotten turning Fallback off?
WARNING: Shader Unsupported: 'Universal Render Pipeline/VR/SpatialMapping/Wireframe' - All subshaders removed
WARNING: Shader Did you use #pragma only_renderers and omit this platform?
WARNING: Shader If subshaders removal was intentional, you may have forgotten turning Fallback off?
WARNING: Shader Unsupported: 'Simulation/URP/Room X-Ray' - All subshaders removed
WARNING: Shader Did you use #pragma only_renderers and omit this platform?
WARNING: Shader If subshaders removal was intentional, you may have forgotten turning Fallback off?
WARNING: Shader Unsupported: 'Simulation/URP/Room X-Ray' - All subshaders removed
WARNING: Shader Did you use #pragma only_renderers and omit this platform?
WARNING: Shader If subshaders removal was intentional, you may have forgotten turning Fallback off?
WARNING: Shader Unsupported: 'Simulation/Room X-Ray' - All subshaders removed
WARNING: Shader Did you use #pragma only_renderers and omit this platform?
WARNING: Shader If subshaders removal was intentional, you may have forgotten turning Fallback off?
WARNING: Shader Unsupported: 'Simulation/Room X-Ray' - All subshaders removed
WARNING: Shader Did you use #pragma only_renderers and omit this platform?
WARNING: Shader If subshaders removal was intentional, you may have forgotten turning Fallback off?
WARNING: Shader Unsupported: 'Simulation/URP/Lit' - All subshaders removed
WARNING: Shader Did you use #pragma only_renderers and omit this platform?
WARNING: Shader If subshaders removal was intentional, you may have forgotten turning Fallback off?
WARNING: Shader Unsupported: 'Simulation/URP/Lit' - All subshaders removed
WARNING: Shader Did you use #pragma only_renderers and omit this platform?
WARNING: Shader If subshaders removal was intentional, you may have forgotten turning Fallback off?
Refreshing native plugins compatible for Editor in 1.31 ms, found 7 plugins.
Preloading 0 native plugins for Editor in 0.00 ms.
Unloading 50 Unused Serialized files (Serialized files now loaded: 0)
Unloading 10431 unused Assets / (10.7 MB). Loaded Objects now: 11184.
Memory consumption went from 270.6 MB to 259.9 MB.
Total: 10.365250 ms (FindLiveObjects: 0.475208 ms CreateObjectMapping: 0.199084 ms MarkObjects: 6.371750 ms  DeleteObjects: 3.318875 ms)

Unloading 0 Unused Serialized files (Serialized files now loaded: 0)
Unloading 0 unused Assets / (4.8 MB). Loaded Objects now: 11184.
Memory consumption went from 259.9 MB to 255.2 MB.
Total: 5.377583 ms (FindLiveObjects: 0.233167 ms CreateObjectMapping: 0.082750 ms MarkObjects: 4.656291 ms  DeleteObjects: 0.405084 ms)

Prepare: number of updated asset objects reloaded= 0
========================================================================
Received Prepare
Assembly reference Packages/com.unity.entities/Unity.Scenes.Editor/Internals/Properties/Unity.Properties.Internals.asmref has no target assembly definition
Assembly reference Packages/com.unity.entities/Unity.Scenes.Editor/Internals/Properties/Unity.Properties.Internals.asmref has no target assembly definition
Begin MonoManager ReloadAssembly
Thread 0x177557000 may have been prematurely finalized
Symbol file LoadedFromMemory is not a mono symbol file
- Loaded All Assemblies, in  0.501 seconds
Assembly reference Packages/com.unity.entities/Unity.Scenes.Editor/Internals/Properties/Unity.Properties.Internals.asmref has no target assembly definition
Refreshing native plugins compatible for Editor in 1.60 ms, found 7 plugins.
Native extension for iOS target not found
Native extension for Android target not found
Native extension for WindowsStandalone target not found
Native extension for VisionOS target not found
Native extension for OSXStandalone target not found
Assembly reference Packages/com.unity.entities/Unity.Scenes.Editor/Internals/Properties/Unity.Properties.Internals.asmref has no target assembly definition
[Package Manager] Failed to launch server process. Reason: Unity was launched with the -noUpm command-line argument
[Package Manager] Unable to send message (not connected to server process).
[Package Manager] Cannot connect to Unity Package Manager local server
TypeManager.Initialize took: 202ms
Refreshing native plugins compatible for Editor in 1.59 ms, found 7 plugins.
System.Reflection.TargetInvocationException: Exception has been thrown by the target of an invocation. ---> System.NullReferenceException: Object reference not set to an instance of an object
  at Unity.PolySpatial.PolySpatialSettings.LoadPackageVersion () [0x0003c] in ./Library/PackageCache/com.unity.polyspatial@d223e8e81ba4/Runtime/Public/PolySpatialSettingsForEditor.cs:243 
  at Unity.PolySpatial.PolySpatialSettings.InitializeInEditor () [0x00007] in ./Library/PackageCache/com.unity.polyspatial@d223e8e81ba4/Runtime/Public/PolySpatialSettingsForEditor.cs:225 
  at (wrapper managed-to-native) System.Reflection.RuntimeMethodInfo.InternalInvoke(System.Reflection.RuntimeMethodInfo,object,object[],System.Exception&)
  at System.Reflection.RuntimeMethodInfo.Invoke (System.Object obj, System.Reflection.BindingFlags invokeAttr, System.Reflection.Binder binder, System.Object[] parameters, System.Globalization.CultureInfo culture) [0x0006a] in <82571d7f5249456da89e34eb003220a7>:0 
   --- End of inner exception stack trace ---
  at System.Reflection.RuntimeMethodInfo.Invoke (System.Object obj, System.Reflection.BindingFlags invokeAttr, System.Reflection.Binder binder, System.Object[] parameters, System.Globalization.CultureInfo culture) [0x00083] in <82571d7f5249456da89e34eb003220a7>:0 
  at System.Reflection.MethodBase.Invoke (System.Object obj, System.Object[] parameters) [0x00000] in <82571d7f5249456da89e34eb003220a7>:0 
  at UnityEditor.EditorAssemblies.ProcessInitializeOnLoadMethodAttributes () [0x00056] in /Users/bokken/build/output/unity/unity/Editor/Mono/EditorAssemblies.cs:142 
UnityEngine.Debug:ExtractStackTraceNoAlloc (byte*,int,string)
UnityEngine.StackTraceUtility:ExtractStackTrace () (at /Users/bokken/build/output/unity/unity/Runtime/Export/Scripting/StackTrace.cs:37)
UnityEngine.DebugLogHandler:Internal_Log (UnityEngine.LogType,UnityEngine.LogOption,string,UnityEngine.Object)
UnityEngine.DebugLogHandler:LogFormat (UnityEngine.LogType,UnityEngine.Object,string,object[])
UnityEngine.Logger:Log (UnityEngine.LogType,object)
UnityEngine.Debug:LogError (object)
UnityEditor.EditorAssemblies:ProcessInitializeOnLoadMethodAttributes () (at /Users/bokken/build/output/unity/unity/Editor/Mono/EditorAssemblies.cs:146)

(Filename: /Users/bokken/build/output/unity/unity/Editor/Mono/EditorAssemblies.cs Line: 146)

Mono: successfully reloaded assembly
[Package Manager] Failed to launch server process. Reason: Unity was launched with the -noUpm command-line argument
[Package Manager] Unable to send message (not connected to server process).
[Package Manager] Cannot connect to Unity Package Manager local server
- Finished resetting the current domain, in  0.742 seconds
Domain Reload Profiling: 1245ms
	BeginReloadAssembly (128ms)
		ExecutionOrderSort (0ms)
		DisableScriptedObjects (3ms)
		BackupInstance (0ms)
		ReleaseScriptingObjects (0ms)
		CreateAndSetChildDomain (67ms)
	RebuildCommonClasses (19ms)
	RebuildNativeTypeToScriptingClass (7ms)
	initialDomainReloadingComplete (24ms)
	LoadAllAssembliesAndSetupDomain (326ms)
		LoadAssemblies (180ms)
		RebuildTransferFunctionScriptingTraits (0ms)
		AnalyzeDomain (169ms)
			TypeCache.Refresh (9ms)
				TypeCache.ScanAssembly (1ms)
			BuildScriptInfoCaches (147ms)
			ResolveRequiredComponents (10ms)
	FinalizeReload (742ms)
		ReleaseScriptCaches (0ms)
		RebuildScriptCaches (0ms)
		SetupLoadedEditorAssemblies (652ms)
			LogAssemblyErrors (0ms)
			InitializePlatformSupportModulesInManaged (15ms)
			SetLoadedEditorAssemblies (4ms)
			BeforeProcessingInitializeOnLoad (84ms)
			ProcessInitializeOnLoadAttributes (470ms)
			ProcessInitializeOnLoadMethodAttributes (78ms)
			AfterProcessingInitializeOnLoad (1ms)
			EditorAssembliesLoaded (0ms)
		ExecutionOrderSort2 (0ms)
		AwakeInstancesAfterBackupRestoration (5ms)
WARNING: Shader Unsupported: 'Hidden/Simulation/URP/Synthetic' - All subshaders removed
WARNING: Shader Did you use #pragma only_renderers and omit this platform?
WARNING: Shader If subshaders removal was intentional, you may have forgotten turning Fallback off?
WARNING: Shader Unsupported: 'Hidden/Simulation/URP/Synthetic' - All subshaders removed
WARNING: Shader Did you use #pragma only_renderers and omit this platform?
WARNING: Shader If subshaders removal was intentional, you may have forgotten turning Fallback off?
WARNING: Shader Unsupported: 'Hidden/Simulation/Synthetic Lit' - All subshaders removed
WARNING: Shader Did you use #pragma only_renderers and omit this platform?
WARNING: Shader If subshaders removal was intentional, you may have forgotten turning Fallback off?
WARNING: Shader Unsupported: 'Hidden/Simulation/Synthetic Lit' - All subshaders removed
WARNING: Shader Did you use #pragma only_renderers and omit this platform?
WARNING: Shader If subshaders removal was intentional, you may have forgotten turning Fallback off?
WARNING: Shader Unsupported: 'Simulation/Standard Lit' - All subshaders removed
WARNING: Shader Did you use #pragma only_renderers and omit this platform?
WARNING: Shader If subshaders removal was intentional, you may have forgotten turning Fallback off?
WARNING: Shader Unsupported: 'Simulation/Standard Lit' - All subshaders removed
WARNING: Shader Did you use #pragma only_renderers and omit this platform?
WARNING: Shader If subshaders removal was intentional, you may have forgotten turning Fallback off?
WARNING: Shader Unsupported: 'Universal Render Pipeline/VR/SpatialMapping/Wireframe' - All subshaders removed
WARNING: Shader Did you use #pragma only_renderers and omit this platform?
WARNING: Shader If subshaders removal was intentional, you may have forgotten turning Fallback off?
WARNING: Shader Unsupported: 'Universal Render Pipeline/VR/SpatialMapping/Wireframe' - All subshaders removed
WARNING: Shader Did you use #pragma only_renderers and omit this platform?
WARNING: Shader If subshaders removal was intentional, you may have forgotten turning Fallback off?
WARNING: Shader Unsupported: 'Simulation/URP/Room X-Ray' - All subshaders removed
WARNING: Shader Did you use #pragma only_renderers and omit this platform?
WARNING: Shader If subshaders removal was intentional, you may have forgotten turning Fallback off?
WARNING: Shader Unsupported: 'Simulation/URP/Room X-Ray' - All subshaders removed
WARNING: Shader Did you use #pragma only_renderers and omit this platform?
WARNING: Shader If subshaders removal was intentional, you may have forgotten turning Fallback off?
WARNING: Shader Unsupported: 'Simulation/Room X-Ray' - All subshaders removed
WARNING: Shader Did you use #pragma only_renderers and omit this platform?
WARNING: Shader If subshaders removal was intentional, you may have forgotten turning Fallback off?
WARNING: Shader Unsupported: 'Simulation/Room X-Ray' - All subshaders removed
WARNING: Shader Did you use #pragma only_renderers and omit this platform?
WARNING: Shader If subshaders removal was intentional, you may have forgotten turning Fallback off?
WARNING: Shader Unsupported: 'Simulation/URP/Lit' - All subshaders removed
WARNING: Shader Did you use #pragma only_renderers and omit this platform?
WARNING: Shader If subshaders removal was intentional, you may have forgotten turning Fallback off?
WARNING: Shader Unsupported: 'Simulation/URP/Lit' - All subshaders removed
WARNING: Shader Did you use #pragma only_renderers and omit this platform?
WARNING: Shader If subshaders removal was intentional, you may have forgotten turning Fallback off?
Refreshing native plugins compatible for Editor in 1.86 ms, found 7 plugins.
Preloading 0 native plugins for Editor in 0.00 ms.
Unloading 50 Unused Serialized files (Serialized files now loaded: 0)
Unloading 10431 unused Assets / (11.6 MB). Loaded Objects now: 11184.
Memory consumption went from 270.7 MB to 259.1 MB.
Total: 10.907292 ms (FindLiveObjects: 0.452541 ms CreateObjectMapping: 0.321125 ms MarkObjects: 6.510292 ms  DeleteObjects: 3.623083 ms)

Unloading 0 Unused Serialized files (Serialized files now loaded: 0)
Unloading 0 unused Assets / (3.9 MB). Loaded Objects now: 11184.
Memory consumption went from 259.1 MB to 255.2 MB.
Total: 6.400708 ms (FindLiveObjects: 0.245167 ms CreateObjectMapping: 0.087333 ms MarkObjects: 5.638833 ms  DeleteObjects: 0.428833 ms)

Prepare: number of updated asset objects reloaded= 0
========================================================================
Received Prepare
WARNING: Shader Unsupported: 'Hidden/Simulation/URP/Synthetic' - All subshaders removed
WARNING: Shader Did you use #pragma only_renderers and omit this platform?
WARNING: Shader If subshaders removal was intentional, you may have forgotten turning Fallback off?
WARNING: Shader Unsupported: 'Hidden/Simulation/URP/Synthetic' - All subshaders removed
WARNING: Shader Did you use #pragma only_renderers and omit this platform?
WARNING: Shader If subshaders removal was intentional, you may have forgotten turning Fallback off?
WARNING: Shader Unsupported: 'Hidden/Simulation/Synthetic Lit' - All subshaders removed
WARNING: Shader Did you use #pragma only_renderers and omit this platform?
WARNING: Shader If subshaders removal was intentional, you may have forgotten turning Fallback off?
WARNING: Shader Unsupported: 'Hidden/Simulation/Synthetic Lit' - All subshaders removed
WARNING: Shader Did you use #pragma only_renderers and omit this platform?
WARNING: Shader If subshaders removal was intentional, you may have forgotten turning Fallback off?
WARNING: Shader Unsupported: 'Simulation/Standard Lit' - All subshaders removed
WARNING: Shader Did you use #pragma only_renderers and omit this platform?
WARNING: Shader If subshaders removal was intentional, you may have forgotten turning Fallback off?
WARNING: Shader Unsupported: 'Simulation/Standard Lit' - All subshaders removed
WARNING: Shader Did you use #pragma only_renderers and omit this platform?
WARNING: Shader If subshaders removal was intentional, you may have forgotten turning Fallback off?
WARNING: Shader Unsupported: 'Universal Render Pipeline/VR/SpatialMapping/Wireframe' - All subshaders removed
WARNING: Shader Did you use #pragma only_renderers and omit this platform?
WARNING: Shader If subshaders removal was intentional, you may have forgotten turning Fallback off?
WARNING: Shader Unsupported: 'Universal Render Pipeline/VR/SpatialMapping/Wireframe' - All subshaders removed
WARNING: Shader Did you use #pragma only_renderers and omit this platform?
WARNING: Shader If subshaders removal was intentional, you may have forgotten turning Fallback off?
WARNING: Shader Unsupported: 'Simulation/URP/Room X-Ray' - All subshaders removed
WARNING: Shader Did you use #pragma only_renderers and omit this platform?
WARNING: Shader If subshaders removal was intentional, you may have forgotten turning Fallback off?
WARNING: Shader Unsupported: 'Simulation/URP/Room X-Ray' - All subshaders removed
WARNING: Shader Did you use #pragma only_renderers and omit this platform?
WARNING: Shader If subshaders removal was intentional, you may have forgotten turning Fallback off?
WARNING: Shader Unsupported: 'Simulation/Room X-Ray' - All subshaders removed
WARNING: Shader Did you use #pragma only_renderers and omit this platform?
WARNING: Shader If subshaders removal was intentional, you may have forgotten turning Fallback off?
WARNING: Shader Unsupported: 'Simulation/Room X-Ray' - All subshaders removed
WARNING: Shader Did you use #pragma only_renderers and omit this platform?
WARNING: Shader If subshaders removal was intentional, you may have forgotten turning Fallback off?
WARNING: Shader Unsupported: 'Simulation/URP/Lit' - All subshaders removed
WARNING: Shader Did you use #pragma only_renderers and omit this platform?
WARNING: Shader If subshaders removal was intentional, you may have forgotten turning Fallback off?
WARNING: Shader Unsupported: 'Simulation/URP/Lit' - All subshaders removed
WARNING: Shader Did you use #pragma only_renderers and omit this platform?
WARNING: Shader If subshaders removal was intentional, you may have forgotten turning Fallback off?
Refreshing native plugins compatible for Editor in 1.25 ms, found 7 plugins.
Preloading 0 native plugins for Editor in 0.00 ms.
Unloading 36 Unused Serialized files (Serialized files now loaded: 0)
Unloading 10383 unused Assets / (9.7 MB). Loaded Objects now: 11174.
Memory consumption went from 224.4 MB to 214.8 MB.
Total: 8.788250 ms (FindLiveObjects: 0.419458 ms CreateObjectMapping: 0.221584 ms MarkObjects: 5.196667 ms  DeleteObjects: 2.950250 ms)

Prepare: number of updated asset objects reloaded= 0
========================================================================
Received Prepare
Assembly reference Packages/com.unity.entities/Unity.Scenes.Editor/Internals/Properties/Unity.Properties.Internals.asmref has no target assembly definition
Assembly reference Packages/com.unity.entities/Unity.Scenes.Editor/Internals/Properties/Unity.Properties.Internals.asmref has no target assembly definition
Begin MonoManager ReloadAssembly
Thread 0x177557000 may have been prematurely finalized
Symbol file LoadedFromMemory is not a mono symbol file
- Loaded All Assemblies, in  0.494 seconds
Assembly reference Packages/com.unity.entities/Unity.Scenes.Editor/Internals/Properties/Unity.Properties.Internals.asmref has no target assembly definition
Refreshing native plugins compatible for Editor in 1.44 ms, found 7 plugins.
Native extension for iOS target not found
Native extension for Android target not found
Native extension for WindowsStandalone target not found
Native extension for VisionOS target not found
Native extension for OSXStandalone target not found
Assembly reference Packages/com.unity.entities/Unity.Scenes.Editor/Internals/Properties/Unity.Properties.Internals.asmref has no target assembly definition
[Package Manager] Failed to launch server process. Reason: Unity was launched with the -noUpm command-line argument
[Package Manager] Unable to send message (not connected to server process).
[Package Manager] Cannot connect to Unity Package Manager local server
TypeManager.Initialize took: 188ms
Refreshing native plugins compatible for Editor in 1.48 ms, found 7 plugins.
System.Reflection.TargetInvocationException: Exception has been thrown by the target of an invocation. ---> System.NullReferenceException: Object reference not set to an instance of an object
  at Unity.PolySpatial.PolySpatialSettings.LoadPackageVersion () [0x0003c] in ./Library/PackageCache/com.unity.polyspatial@d223e8e81ba4/Runtime/Public/PolySpatialSettingsForEditor.cs:243 
  at Unity.PolySpatial.PolySpatialSettings.InitializeInEditor () [0x00007] in ./Library/PackageCache/com.unity.polyspatial@d223e8e81ba4/Runtime/Public/PolySpatialSettingsForEditor.cs:225 
  at (wrapper managed-to-native) System.Reflection.RuntimeMethodInfo.InternalInvoke(System.Reflection.RuntimeMethodInfo,object,object[],System.Exception&)
  at System.Reflection.RuntimeMethodInfo.Invoke (System.Object obj, System.Reflection.BindingFlags invokeAttr, System.Reflection.Binder binder, System.Object[] parameters, System.Globalization.CultureInfo culture) [0x0006a] in <82571d7f5249456da89e34eb003220a7>:0 
   --- End of inner exception stack trace ---
  at System.Reflection.RuntimeMethodInfo.Invoke (System.Object obj, System.Reflection.BindingFlags invokeAttr, System.Reflection.Binder binder, System.Object[] parameters, System.Globalization.CultureInfo culture) [0x00083] in <82571d7f5249456da89e34eb003220a7>:0 
  at System.Reflection.MethodBase.Invoke (System.Object obj, System.Object[] parameters) [0x00000] in <82571d7f5249456da89e34eb003220a7>:0 
  at UnityEditor.EditorAssemblies.ProcessInitializeOnLoadMethodAttributes () [0x00056] in /Users/bokken/build/output/unity/unity/Editor/Mono/EditorAssemblies.cs:142 
UnityEngine.Debug:ExtractStackTraceNoAlloc (byte*,int,string)
UnityEngine.StackTraceUtility:ExtractStackTrace () (at /Users/bokken/build/output/unity/unity/Runtime/Export/Scripting/StackTrace.cs:37)
UnityEngine.DebugLogHandler:Internal_Log (UnityEngine.LogType,UnityEngine.LogOption,string,UnityEngine.Object)
UnityEngine.DebugLogHandler:LogFormat (UnityEngine.LogType,UnityEngine.Object,string,object[])
UnityEngine.Logger:Log (UnityEngine.LogType,object)
UnityEngine.Debug:LogError (object)
UnityEditor.EditorAssemblies:ProcessInitializeOnLoadMethodAttributes () (at /Users/bokken/build/output/unity/unity/Editor/Mono/EditorAssemblies.cs:146)

(Filename: /Users/bokken/build/output/unity/unity/Editor/Mono/EditorAssemblies.cs Line: 146)

Mono: successfully reloaded assembly
[Package Manager] Failed to launch server process. Reason: Unity was launched with the -noUpm command-line argument
[Package Manager] Unable to send message (not connected to server process).
[Package Manager] Cannot connect to Unity Package Manager local server
- Finished resetting the current domain, in  0.727 seconds
Domain Reload Profiling: 1223ms
	BeginReloadAssembly (124ms)
		ExecutionOrderSort (0ms)
		DisableScriptedObjects (3ms)
		BackupInstance (0ms)
		ReleaseScriptingObjects (0ms)
		CreateAndSetChildDomain (64ms)
	RebuildCommonClasses (20ms)
	RebuildNativeTypeToScriptingClass (7ms)
	initialDomainReloadingComplete (23ms)
	LoadAllAssembliesAndSetupDomain (323ms)
		LoadAssemblies (175ms)
		RebuildTransferFunctionScriptingTraits (0ms)
		AnalyzeDomain (169ms)
			TypeCache.Refresh (9ms)
				TypeCache.ScanAssembly (1ms)
			BuildScriptInfoCaches (148ms)
			ResolveRequiredComponents (10ms)
	FinalizeReload (727ms)
		ReleaseScriptCaches (0ms)
		RebuildScriptCaches (0ms)
		SetupLoadedEditorAssemblies (642ms)
			LogAssemblyErrors (0ms)
			InitializePlatformSupportModulesInManaged (14ms)
			SetLoadedEditorAssemblies (4ms)
			BeforeProcessingInitializeOnLoad (85ms)
			ProcessInitializeOnLoadAttributes (463ms)
			ProcessInitializeOnLoadMethodAttributes (74ms)
			AfterProcessingInitializeOnLoad (1ms)
			EditorAssembliesLoaded (0ms)
		ExecutionOrderSort2 (0ms)
		AwakeInstancesAfterBackupRestoration (5ms)
WARNING: Shader Unsupported: 'Hidden/Simulation/URP/Synthetic' - All subshaders removed
WARNING: Shader Did you use #pragma only_renderers and omit this platform?
WARNING: Shader If subshaders removal was intentional, you may have forgotten turning Fallback off?
WARNING: Shader Unsupported: 'Hidden/Simulation/URP/Synthetic' - All subshaders removed
WARNING: Shader Did you use #pragma only_renderers and omit this platform?
WARNING: Shader If subshaders removal was intentional, you may have forgotten turning Fallback off?
WARNING: Shader Unsupported: 'Hidden/Simulation/Synthetic Lit' - All subshaders removed
WARNING: Shader Did you use #pragma only_renderers and omit this platform?
WARNING: Shader If subshaders removal was intentional, you may have forgotten turning Fallback off?
WARNING: Shader Unsupported: 'Hidden/Simulation/Synthetic Lit' - All subshaders removed
WARNING: Shader Did you use #pragma only_renderers and omit this platform?
WARNING: Shader If subshaders removal was intentional, you may have forgotten turning Fallback off?
WARNING: Shader Unsupported: 'Simulation/Standard Lit' - All subshaders removed
WARNING: Shader Did you use #pragma only_renderers and omit this platform?
WARNING: Shader If subshaders removal was intentional, you may have forgotten turning Fallback off?
WARNING: Shader Unsupported: 'Simulation/Standard Lit' - All subshaders removed
WARNING: Shader Did you use #pragma only_renderers and omit this platform?
WARNING: Shader If subshaders removal was intentional, you may have forgotten turning Fallback off?
WARNING: Shader Unsupported: 'Universal Render Pipeline/VR/SpatialMapping/Wireframe' - All subshaders removed
WARNING: Shader Did you use #pragma only_renderers and omit this platform?
WARNING: Shader If subshaders removal was intentional, you may have forgotten turning Fallback off?
WARNING: Shader Unsupported: 'Universal Render Pipeline/VR/SpatialMapping/Wireframe' - All subshaders removed
WARNING: Shader Did you use #pragma only_renderers and omit this platform?
WARNING: Shader If subshaders removal was intentional, you may have forgotten turning Fallback off?
WARNING: Shader Unsupported: 'Simulation/URP/Room X-Ray' - All subshaders removed
WARNING: Shader Did you use #pragma only_renderers and omit this platform?
WARNING: Shader If subshaders removal was intentional, you may have forgotten turning Fallback off?
WARNING: Shader Unsupported: 'Simulation/URP/Room X-Ray' - All subshaders removed
WARNING: Shader Did you use #pragma only_renderers and omit this platform?
WARNING: Shader If subshaders removal was intentional, you may have forgotten turning Fallback off?
WARNING: Shader Unsupported: 'Simulation/Room X-Ray' - All subshaders removed
WARNING: Shader Did you use #pragma only_renderers and omit this platform?
WARNING: Shader If subshaders removal was intentional, you may have forgotten turning Fallback off?
WARNING: Shader Unsupported: 'Simulation/Room X-Ray' - All subshaders removed
WARNING: Shader Did you use #pragma only_renderers and omit this platform?
WARNING: Shader If subshaders removal was intentional, you may have forgotten turning Fallback off?
WARNING: Shader Unsupported: 'Simulation/URP/Lit' - All subshaders removed
WARNING: Shader Did you use #pragma only_renderers and omit this platform?
WARNING: Shader If subshaders removal was intentional, you may have forgotten turning Fallback off?
WARNING: Shader Unsupported: 'Simulation/URP/Lit' - All subshaders removed
WARNING: Shader Did you use #pragma only_renderers and omit this platform?
WARNING: Shader If subshaders removal was intentional, you may have forgotten turning Fallback off?
Refreshing native plugins compatible for Editor in 1.29 ms, found 7 plugins.
Preloading 0 native plugins for Editor in 0.00 ms.
Unloading 50 Unused Serialized files (Serialized files now loaded: 0)
Unloading 10432 unused Assets / (11.7 MB). Loaded Objects now: 11185.
Memory consumption went from 270.8 MB to 259.1 MB.
Total: 9.304208 ms (FindLiveObjects: 0.385125 ms CreateObjectMapping: 0.222834 ms MarkObjects: 5.631583 ms  DeleteObjects: 3.064333 ms)

Unloading 0 Unused Serialized files (Serialized files now loaded: 0)
Unloading 0 unused Assets / (3.9 MB). Loaded Objects now: 11185.
Memory consumption went from 259.1 MB to 255.3 MB.
Total: 5.508416 ms (FindLiveObjects: 0.230833 ms CreateObjectMapping: 0.141083 ms MarkObjects: 4.826875 ms  DeleteObjects: 0.309625 ms)

Prepare: number of updated asset objects reloaded= 0
========================================================================
Received Import Request.
  Time since last request: 756.333494 seconds.
  path: Assets/Script/GameEndWatcher.cs
  artifactKey: Guid(a0ed96c1c01054002b315b32d913edb2) Importer(815301076,1909f56bfc062723c751e8b465ee728b)
Start importing Assets/Script/GameEndWatcher.cs using Guid(a0ed96c1c01054002b315b32d913edb2) Importer(815301076,1909f56bfc062723c751e8b465ee728b) (PreviewImporter) -> (artifact id: '669c376cd80d0ab1b12449cbce82a7d7') in 0.000807334 seconds
Number of updated asset objects reloaded before import = 0Number of asset objects unloaded after import = 0

========================================================================
Received Prepare
Assembly reference Packages/com.unity.entities/Unity.Scenes.Editor/Internals/Properties/Unity.Properties.Internals.asmref has no target assembly definition
Assembly reference Packages/com.unity.entities/Unity.Scenes.Editor/Internals/Properties/Unity.Properties.Internals.asmref has no target assembly definition
Begin MonoManager ReloadAssembly
Thread 0x177557000 may have been prematurely finalized
Symbol file LoadedFromMemory is not a mono symbol file
- Loaded All Assemblies, in  0.494 seconds
Assembly reference Packages/com.unity.entities/Unity.Scenes.Editor/Internals/Properties/Unity.Properties.Internals.asmref has no target assembly definition
Refreshing native plugins compatible for Editor in 1.45 ms, found 7 plugins.
Native extension for iOS target not found
Native extension for Android target not found
Native extension for WindowsStandalone target not found
Native extension for VisionOS target not found
Native extension for OSXStandalone target not found
Assembly reference Packages/com.unity.entities/Unity.Scenes.Editor/Internals/Properties/Unity.Properties.Internals.asmref has no target assembly definition
[Package Manager] Failed to launch server process. Reason: Unity was launched with the -noUpm command-line argument
[Package Manager] Unable to send message (not connected to server process).
[Package Manager] Cannot connect to Unity Package Manager local server
TypeManager.Initialize took: 189ms
Refreshing native plugins compatible for Editor in 1.46 ms, found 7 plugins.
System.Reflection.TargetInvocationException: Exception has been thrown by the target of an invocation. ---> System.NullReferenceException: Object reference not set to an instance of an object
  at Unity.PolySpatial.PolySpatialSettings.LoadPackageVersion () [0x0003c] in ./Library/PackageCache/com.unity.polyspatial@d223e8e81ba4/Runtime/Public/PolySpatialSettingsForEditor.cs:243 
  at Unity.PolySpatial.PolySpatialSettings.InitializeInEditor () [0x00007] in ./Library/PackageCache/com.unity.polyspatial@d223e8e81ba4/Runtime/Public/PolySpatialSettingsForEditor.cs:225 
  at (wrapper managed-to-native) System.Reflection.RuntimeMethodInfo.InternalInvoke(System.Reflection.RuntimeMethodInfo,object,object[],System.Exception&)
  at System.Reflection.RuntimeMethodInfo.Invoke (System.Object obj, System.Reflection.BindingFlags invokeAttr, System.Reflection.Binder binder, System.Object[] parameters, System.Globalization.CultureInfo culture) [0x0006a] in <82571d7f5249456da89e34eb003220a7>:0 
   --- End of inner exception stack trace ---
  at System.Reflection.RuntimeMethodInfo.Invoke (System.Object obj, System.Reflection.BindingFlags invokeAttr, System.Reflection.Binder binder, System.Object[] parameters, System.Globalization.CultureInfo culture) [0x00083] in <82571d7f5249456da89e34eb003220a7>:0 
  at System.Reflection.MethodBase.Invoke (System.Object obj, System.Object[] parameters) [0x00000] in <82571d7f5249456da89e34eb003220a7>:0 
  at UnityEditor.EditorAssemblies.ProcessInitializeOnLoadMethodAttributes () [0x00056] in /Users/bokken/build/output/unity/unity/Editor/Mono/EditorAssemblies.cs:142 
UnityEngine.Debug:ExtractStackTraceNoAlloc (byte*,int,string)
UnityEngine.StackTraceUtility:ExtractStackTrace () (at /Users/bokken/build/output/unity/unity/Runtime/Export/Scripting/StackTrace.cs:37)
UnityEngine.DebugLogHandler:Internal_Log (UnityEngine.LogType,UnityEngine.LogOption,string,UnityEngine.Object)
UnityEngine.DebugLogHandler:LogFormat (UnityEngine.LogType,UnityEngine.Object,string,object[])
UnityEngine.Logger:Log (UnityEngine.LogType,object)
UnityEngine.Debug:LogError (object)
UnityEditor.EditorAssemblies:ProcessInitializeOnLoadMethodAttributes () (at /Users/bokken/build/output/unity/unity/Editor/Mono/EditorAssemblies.cs:146)

(Filename: /Users/bokken/build/output/unity/unity/Editor/Mono/EditorAssemblies.cs Line: 146)

Mono: successfully reloaded assembly
[Package Manager] Failed to launch server process. Reason: Unity was launched with the -noUpm command-line argument
[Package Manager] Unable to send message (not connected to server process).
[Package Manager] Cannot connect to Unity Package Manager local server
- Finished resetting the current domain, in  0.729 seconds
Domain Reload Profiling: 1226ms
	BeginReloadAssembly (124ms)
		ExecutionOrderSort (0ms)
		DisableScriptedObjects (3ms)
		BackupInstance (0ms)
		ReleaseScriptingObjects (0ms)
		CreateAndSetChildDomain (63ms)
	RebuildCommonClasses (20ms)
	RebuildNativeTypeToScriptingClass (7ms)
	initialDomainReloadingComplete (23ms)
	LoadAllAssembliesAndSetupDomain (323ms)
		LoadAssemblies (175ms)
		RebuildTransferFunctionScriptingTraits (0ms)
		AnalyzeDomain (171ms)
			TypeCache.Refresh (9ms)
				TypeCache.ScanAssembly (1ms)
			BuildScriptInfoCaches (149ms)
			ResolveRequiredComponents (11ms)
	FinalizeReload (729ms)
		ReleaseScriptCaches (0ms)
		RebuildScriptCaches (0ms)
		SetupLoadedEditorAssemblies (642ms)
			LogAssemblyErrors (0ms)
			InitializePlatformSupportModulesInManaged (14ms)
			SetLoadedEditorAssemblies (3ms)
			BeforeProcessingInitializeOnLoad (86ms)
			ProcessInitializeOnLoadAttributes (461ms)
			ProcessInitializeOnLoadMethodAttributes (75ms)
			AfterProcessingInitializeOnLoad (1ms)
			EditorAssembliesLoaded (0ms)
		ExecutionOrderSort2 (0ms)
		AwakeInstancesAfterBackupRestoration (5ms)
WARNING: Shader Unsupported: 'Hidden/Simulation/URP/Synthetic' - All subshaders removed
WARNING: Shader Did you use #pragma only_renderers and omit this platform?
WARNING: Shader If subshaders removal was intentional, you may have forgotten turning Fallback off?
WARNING: Shader Unsupported: 'Hidden/Simulation/URP/Synthetic' - All subshaders removed
WARNING: Shader Did you use #pragma only_renderers and omit this platform?
WARNING: Shader If subshaders removal was intentional, you may have forgotten turning Fallback off?
WARNING: Shader Unsupported: 'Hidden/Simulation/Synthetic Lit' - All subshaders removed
WARNING: Shader Did you use #pragma only_renderers and omit this platform?
WARNING: Shader If subshaders removal was intentional, you may have forgotten turning Fallback off?
WARNING: Shader Unsupported: 'Hidden/Simulation/Synthetic Lit' - All subshaders removed
WARNING: Shader Did you use #pragma only_renderers and omit this platform?
WARNING: Shader If subshaders removal was intentional, you may have forgotten turning Fallback off?
WARNING: Shader Unsupported: 'Simulation/Standard Lit' - All subshaders removed
WARNING: Shader Did you use #pragma only_renderers and omit this platform?
WARNING: Shader If subshaders removal was intentional, you may have forgotten turning Fallback off?
WARNING: Shader Unsupported: 'Simulation/Standard Lit' - All subshaders removed
WARNING: Shader Did you use #pragma only_renderers and omit this platform?
WARNING: Shader If subshaders removal was intentional, you may have forgotten turning Fallback off?
WARNING: Shader Unsupported: 'Universal Render Pipeline/VR/SpatialMapping/Wireframe' - All subshaders removed
WARNING: Shader Did you use #pragma only_renderers and omit this platform?
WARNING: Shader If subshaders removal was intentional, you may have forgotten turning Fallback off?
WARNING: Shader Unsupported: 'Universal Render Pipeline/VR/SpatialMapping/Wireframe' - All subshaders removed
WARNING: Shader Did you use #pragma only_renderers and omit this platform?
WARNING: Shader If subshaders removal was intentional, you may have forgotten turning Fallback off?
WARNING: Shader Unsupported: 'Simulation/URP/Room X-Ray' - All subshaders removed
WARNING: Shader Did you use #pragma only_renderers and omit this platform?
WARNING: Shader If subshaders removal was intentional, you may have forgotten turning Fallback off?
WARNING: Shader Unsupported: 'Simulation/URP/Room X-Ray' - All subshaders removed
WARNING: Shader Did you use #pragma only_renderers and omit this platform?
WARNING: Shader If subshaders removal was intentional, you may have forgotten turning Fallback off?
WARNING: Shader Unsupported: 'Simulation/Room X-Ray' - All subshaders removed
WARNING: Shader Did you use #pragma only_renderers and omit this platform?
WARNING: Shader If subshaders removal was intentional, you may have forgotten turning Fallback off?
WARNING: Shader Unsupported: 'Simulation/Room X-Ray' - All subshaders removed
WARNING: Shader Did you use #pragma only_renderers and omit this platform?
WARNING: Shader If subshaders removal was intentional, you may have forgotten turning Fallback off?
WARNING: Shader Unsupported: 'Simulation/URP/Lit' - All subshaders removed
WARNING: Shader Did you use #pragma only_renderers and omit this platform?
WARNING: Shader If subshaders removal was intentional, you may have forgotten turning Fallback off?
WARNING: Shader Unsupported: 'Simulation/URP/Lit' - All subshaders removed
WARNING: Shader Did you use #pragma only_renderers and omit this platform?
WARNING: Shader If subshaders removal was intentional, you may have forgotten turning Fallback off?
Refreshing native plugins compatible for Editor in 1.64 ms, found 7 plugins.
Preloading 0 native plugins for Editor in 0.00 ms.
Unloading 50 Unused Serialized files (Serialized files now loaded: 0)
Unloading 10432 unused Assets / (11.3 MB). Loaded Objects now: 11185.
Memory consumption went from 270.8 MB to 259.5 MB.
Total: 9.006541 ms (FindLiveObjects: 0.429208 ms CreateObjectMapping: 0.181250 ms MarkObjects: 5.394834 ms  DeleteObjects: 3.001041 ms)

Unloading 0 Unused Serialized files (Serialized files now loaded: 0)
Unloading 0 unused Assets / (4.2 MB). Loaded Objects now: 11185.
Memory consumption went from 259.5 MB to 255.3 MB.
Total: 5.367500 ms (FindLiveObjects: 0.231542 ms CreateObjectMapping: 0.120333 ms MarkObjects: 4.641042 ms  DeleteObjects: 0.374375 ms)

Prepare: number of updated asset objects reloaded= 0
========================================================================
Received Prepare
Assembly reference Packages/com.unity.entities/Unity.Scenes.Editor/Internals/Properties/Unity.Properties.Internals.asmref has no target assembly definition
Assembly reference Packages/com.unity.entities/Unity.Scenes.Editor/Internals/Properties/Unity.Properties.Internals.asmref has no target assembly definition
Begin MonoManager ReloadAssembly
Thread 0x177557000 may have been prematurely finalized
Symbol file LoadedFromMemory is not a mono symbol file
- Loaded All Assemblies, in  0.481 seconds
Assembly reference Packages/com.unity.entities/Unity.Scenes.Editor/Internals/Properties/Unity.Properties.Internals.asmref has no target assembly definition
Refreshing native plugins compatible for Editor in 1.33 ms, found 7 plugins.
Native extension for iOS target not found
Native extension for Android target not found
Native extension for WindowsStandalone target not found
Native extension for VisionOS target not found
Native extension for OSXStandalone target not found
Assembly reference Packages/com.unity.entities/Unity.Scenes.Editor/Internals/Properties/Unity.Properties.Internals.asmref has no target assembly definition
[Package Manager] Failed to launch server process. Reason: Unity was launched with the -noUpm command-line argument
[Package Manager] Unable to send message (not connected to server process).
[Package Manager] Cannot connect to Unity Package Manager local server
TypeManager.Initialize took: 211ms
Refreshing native plugins compatible for Editor in 1.25 ms, found 7 plugins.
System.Reflection.TargetInvocationException: Exception has been thrown by the target of an invocation. ---> System.NullReferenceException: Object reference not set to an instance of an object
  at Unity.PolySpatial.PolySpatialSettings.LoadPackageVersion () [0x0003c] in ./Library/PackageCache/com.unity.polyspatial@d223e8e81ba4/Runtime/Public/PolySpatialSettingsForEditor.cs:243 
  at Unity.PolySpatial.PolySpatialSettings.InitializeInEditor () [0x00007] in ./Library/PackageCache/com.unity.polyspatial@d223e8e81ba4/Runtime/Public/PolySpatialSettingsForEditor.cs:225 
  at (wrapper managed-to-native) System.Reflection.RuntimeMethodInfo.InternalInvoke(System.Reflection.RuntimeMethodInfo,object,object[],System.Exception&)
  at System.Reflection.RuntimeMethodInfo.Invoke (System.Object obj, System.Reflection.BindingFlags invokeAttr, System.Reflection.Binder binder, System.Object[] parameters, System.Globalization.CultureInfo culture) [0x0006a] in <82571d7f5249456da89e34eb003220a7>:0 
   --- End of inner exception stack trace ---
  at System.Reflection.RuntimeMethodInfo.Invoke (System.Object obj, System.Reflection.BindingFlags invokeAttr, System.Reflection.Binder binder, System.Object[] parameters, System.Globalization.CultureInfo culture) [0x00083] in <82571d7f5249456da89e34eb003220a7>:0 
  at System.Reflection.MethodBase.Invoke (System.Object obj, System.Object[] parameters) [0x00000] in <82571d7f5249456da89e34eb003220a7>:0 
  at UnityEditor.EditorAssemblies.ProcessInitializeOnLoadMethodAttributes () [0x00056] in /Users/bokken/build/output/unity/unity/Editor/Mono/EditorAssemblies.cs:142 
UnityEngine.Debug:ExtractStackTraceNoAlloc (byte*,int,string)
UnityEngine.StackTraceUtility:ExtractStackTrace () (at /Users/bokken/build/output/unity/unity/Runtime/Export/Scripting/StackTrace.cs:37)
UnityEngine.DebugLogHandler:Internal_Log (UnityEngine.LogType,UnityEngine.LogOption,string,UnityEngine.Object)
UnityEngine.DebugLogHandler:LogFormat (UnityEngine.LogType,UnityEngine.Object,string,object[])
UnityEngine.Logger:Log (UnityEngine.LogType,object)
UnityEngine.Debug:LogError (object)
UnityEditor.EditorAssemblies:ProcessInitializeOnLoadMethodAttributes () (at /Users/bokken/build/output/unity/unity/Editor/Mono/EditorAssemblies.cs:146)

(Filename: /Users/bokken/build/output/unity/unity/Editor/Mono/EditorAssemblies.cs Line: 146)

Mono: successfully reloaded assembly
[Package Manager] Failed to launch server process. Reason: Unity was launched with the -noUpm command-line argument
[Package Manager] Unable to send message (not connected to server process).
[Package Manager] Cannot connect to Unity Package Manager local server
- Finished resetting the current domain, in  0.744 seconds
Domain Reload Profiling: 1228ms
	BeginReloadAssembly (123ms)
		ExecutionOrderSort (0ms)
		DisableScriptedObjects (3ms)
		BackupInstance (0ms)
		ReleaseScriptingObjects (0ms)
		CreateAndSetChildDomain (65ms)
	RebuildCommonClasses (19ms)
	RebuildNativeTypeToScriptingClass (7ms)
	initialDomainReloadingComplete (23ms)
	LoadAllAssembliesAndSetupDomain (312ms)
		LoadAssemblies (167ms)
		RebuildTransferFunctionScriptingTraits (0ms)
		AnalyzeDomain (165ms)
			TypeCache.Refresh (6ms)
				TypeCache.ScanAssembly (0ms)
			BuildScriptInfoCaches (146ms)
			ResolveRequiredComponents (10ms)
	FinalizeReload (744ms)
		ReleaseScriptCaches (0ms)
		RebuildScriptCaches (0ms)
		SetupLoadedEditorAssemblies (662ms)
			LogAssemblyErrors (0ms)
			InitializePlatformSupportModulesInManaged (13ms)
			SetLoadedEditorAssemblies (4ms)
			BeforeProcessingInitializeOnLoad (82ms)
			ProcessInitializeOnLoadAttributes (480ms)
			ProcessInitializeOnLoadMethodAttributes (82ms)
			AfterProcessingInitializeOnLoad (1ms)
			EditorAssembliesLoaded (0ms)
		ExecutionOrderSort2 (0ms)
		AwakeInstancesAfterBackupRestoration (6ms)
WARNING: Shader Unsupported: 'Hidden/Simulation/URP/Synthetic' - All subshaders removed
WARNING: Shader Did you use #pragma only_renderers and omit this platform?
WARNING: Shader If subshaders removal was intentional, you may have forgotten turning Fallback off?
WARNING: Shader Unsupported: 'Hidden/Simulation/URP/Synthetic' - All subshaders removed
WARNING: Shader Did you use #pragma only_renderers and omit this platform?
WARNING: Shader If subshaders removal was intentional, you may have forgotten turning Fallback off?
WARNING: Shader Unsupported: 'Hidden/Simulation/Synthetic Lit' - All subshaders removed
WARNING: Shader Did you use #pragma only_renderers and omit this platform?
WARNING: Shader If subshaders removal was intentional, you may have forgotten turning Fallback off?
WARNING: Shader Unsupported: 'Hidden/Simulation/Synthetic Lit' - All subshaders removed
WARNING: Shader Did you use #pragma only_renderers and omit this platform?
WARNING: Shader If subshaders removal was intentional, you may have forgotten turning Fallback off?
WARNING: Shader Unsupported: 'Simulation/Standard Lit' - All subshaders removed
WARNING: Shader Did you use #pragma only_renderers and omit this platform?
WARNING: Shader If subshaders removal was intentional, you may have forgotten turning Fallback off?
WARNING: Shader Unsupported: 'Simulation/Standard Lit' - All subshaders removed
WARNING: Shader Did you use #pragma only_renderers and omit this platform?
WARNING: Shader If subshaders removal was intentional, you may have forgotten turning Fallback off?
WARNING: Shader Unsupported: 'Universal Render Pipeline/VR/SpatialMapping/Wireframe' - All subshaders removed
WARNING: Shader Did you use #pragma only_renderers and omit this platform?
WARNING: Shader If subshaders removal was intentional, you may have forgotten turning Fallback off?
WARNING: Shader Unsupported: 'Universal Render Pipeline/VR/SpatialMapping/Wireframe' - All subshaders removed
WARNING: Shader Did you use #pragma only_renderers and omit this platform?
WARNING: Shader If subshaders removal was intentional, you may have forgotten turning Fallback off?
WARNING: Shader Unsupported: 'Simulation/URP/Room X-Ray' - All subshaders removed
WARNING: Shader Did you use #pragma only_renderers and omit this platform?
WARNING: Shader If subshaders removal was intentional, you may have forgotten turning Fallback off?
WARNING: Shader Unsupported: 'Simulation/URP/Room X-Ray' - All subshaders removed
WARNING: Shader Did you use #pragma only_renderers and omit this platform?
WARNING: Shader If subshaders removal was intentional, you may have forgotten turning Fallback off?
WARNING: Shader Unsupported: 'Simulation/Room X-Ray' - All subshaders removed
WARNING: Shader Did you use #pragma only_renderers and omit this platform?
WARNING: Shader If subshaders removal was intentional, you may have forgotten turning Fallback off?
WARNING: Shader Unsupported: 'Simulation/Room X-Ray' - All subshaders removed
WARNING: Shader Did you use #pragma only_renderers and omit this platform?
WARNING: Shader If subshaders removal was intentional, you may have forgotten turning Fallback off?
WARNING: Shader Unsupported: 'Simulation/URP/Lit' - All subshaders removed
WARNING: Shader Did you use #pragma only_renderers and omit this platform?
WARNING: Shader If subshaders removal was intentional, you may have forgotten turning Fallback off?
WARNING: Shader Unsupported: 'Simulation/URP/Lit' - All subshaders removed
WARNING: Shader Did you use #pragma only_renderers and omit this platform?
WARNING: Shader If subshaders removal was intentional, you may have forgotten turning Fallback off?
Refreshing native plugins compatible for Editor in 1.85 ms, found 7 plugins.
Preloading 0 native plugins for Editor in 0.00 ms.
Unloading 50 Unused Serialized files (Serialized files now loaded: 0)
Unloading 10432 unused Assets / (11.8 MB). Loaded Objects now: 11185.
Memory consumption went from 270.7 MB to 258.8 MB.
Total: 10.378583 ms (FindLiveObjects: 0.400334 ms CreateObjectMapping: 0.218625 ms MarkObjects: 5.237916 ms  DeleteObjects: 4.521292 ms)

Unloading 0 Unused Serialized files (Serialized files now loaded: 0)
Unloading 0 unused Assets / (3.6 MB). Loaded Objects now: 11185.
Memory consumption went from 258.8 MB to 255.2 MB.
Total: 5.935041 ms (FindLiveObjects: 0.247417 ms CreateObjectMapping: 0.086875 ms MarkObjects: 5.263000 ms  DeleteObjects: 0.337334 ms)

Prepare: number of updated asset objects reloaded= 0
========================================================================
Received Prepare
Assembly reference Packages/com.unity.entities/Unity.Scenes.Editor/Internals/Properties/Unity.Properties.Internals.asmref has no target assembly definition
Assembly reference Packages/com.unity.entities/Unity.Scenes.Editor/Internals/Properties/Unity.Properties.Internals.asmref has no target assembly definition
Begin MonoManager ReloadAssembly
Thread 0x177557000 may have been prematurely finalized
Symbol file LoadedFromMemory is not a mono symbol file
- Loaded All Assemblies, in  0.479 seconds
Assembly reference Packages/com.unity.entities/Unity.Scenes.Editor/Internals/Properties/Unity.Properties.Internals.asmref has no target assembly definition
Refreshing native plugins compatible for Editor in 1.10 ms, found 7 plugins.
Native extension for iOS target not found
Native extension for Android target not found
Native extension for WindowsStandalone target not found
Native extension for VisionOS target not found
Native extension for OSXStandalone target not found
Assembly reference Packages/com.unity.entities/Unity.Scenes.Editor/Internals/Properties/Unity.Properties.Internals.asmref has no target assembly definition
[Package Manager] Failed to launch server process. Reason: Unity was launched with the -noUpm command-line argument
[Package Manager] Unable to send message (not connected to server process).
[Package Manager] Cannot connect to Unity Package Manager local server
TypeManager.Initialize took: 205ms
Refreshing native plugins compatible for Editor in 1.52 ms, found 7 plugins.
System.Reflection.TargetInvocationException: Exception has been thrown by the target of an invocation. ---> System.NullReferenceException: Object reference not set to an instance of an object
  at Unity.PolySpatial.PolySpatialSettings.LoadPackageVersion () [0x0003c] in ./Library/PackageCache/com.unity.polyspatial@d223e8e81ba4/Runtime/Public/PolySpatialSettingsForEditor.cs:243 
  at Unity.PolySpatial.PolySpatialSettings.InitializeInEditor () [0x00007] in ./Library/PackageCache/com.unity.polyspatial@d223e8e81ba4/Runtime/Public/PolySpatialSettingsForEditor.cs:225 
  at (wrapper managed-to-native) System.Reflection.RuntimeMethodInfo.InternalInvoke(System.Reflection.RuntimeMethodInfo,object,object[],System.Exception&)
  at System.Reflection.RuntimeMethodInfo.Invoke (System.Object obj, System.Reflection.BindingFlags invokeAttr, System.Reflection.Binder binder, System.Object[] parameters, System.Globalization.CultureInfo culture) [0x0006a] in <82571d7f5249456da89e34eb003220a7>:0 
   --- End of inner exception stack trace ---
  at System.Reflection.RuntimeMethodInfo.Invoke (System.Object obj, System.Reflection.BindingFlags invokeAttr, System.Reflection.Binder binder, System.Object[] parameters, System.Globalization.CultureInfo culture) [0x00083] in <82571d7f5249456da89e34eb003220a7>:0 
  at System.Reflection.MethodBase.Invoke (System.Object obj, System.Object[] parameters) [0x00000] in <82571d7f5249456da89e34eb003220a7>:0 
  at UnityEditor.EditorAssemblies.ProcessInitializeOnLoadMethodAttributes () [0x00056] in /Users/bokken/build/output/unity/unity/Editor/Mono/EditorAssemblies.cs:142 
UnityEngine.Debug:ExtractStackTraceNoAlloc (byte*,int,string)
UnityEngine.StackTraceUtility:ExtractStackTrace () (at /Users/bokken/build/output/unity/unity/Runtime/Export/Scripting/StackTrace.cs:37)
UnityEngine.DebugLogHandler:Internal_Log (UnityEngine.LogType,UnityEngine.LogOption,string,UnityEngine.Object)
UnityEngine.DebugLogHandler:LogFormat (UnityEngine.LogType,UnityEngine.Object,string,object[])
UnityEngine.Logger:Log (UnityEngine.LogType,object)
UnityEngine.Debug:LogError (object)
UnityEditor.EditorAssemblies:ProcessInitializeOnLoadMethodAttributes () (at /Users/bokken/build/output/unity/unity/Editor/Mono/EditorAssemblies.cs:146)

(Filename: /Users/bokken/build/output/unity/unity/Editor/Mono/EditorAssemblies.cs Line: 146)

Mono: successfully reloaded assembly
[Package Manager] Failed to launch server process. Reason: Unity was launched with the -noUpm command-line argument
[Package Manager] Unable to send message (not connected to server process).
[Package Manager] Cannot connect to Unity Package Manager local server
- Finished resetting the current domain, in  0.761 seconds
Domain Reload Profiling: 1244ms
	BeginReloadAssembly (126ms)
		ExecutionOrderSort (0ms)
		DisableScriptedObjects (3ms)
		BackupInstance (0ms)
		ReleaseScriptingObjects (0ms)
		CreateAndSetChildDomain (68ms)
	RebuildCommonClasses (19ms)
	RebuildNativeTypeToScriptingClass (7ms)
	initialDomainReloadingComplete (22ms)
	LoadAllAssembliesAndSetupDomain (308ms)
		LoadAssemblies (161ms)
		RebuildTransferFunctionScriptingTraits (0ms)
		AnalyzeDomain (167ms)
			TypeCache.Refresh (6ms)
				TypeCache.ScanAssembly (0ms)
			BuildScriptInfoCaches (148ms)
			ResolveRequiredComponents (10ms)
	FinalizeReload (762ms)
		ReleaseScriptCaches (0ms)
		RebuildScriptCaches (0ms)
		SetupLoadedEditorAssemblies (679ms)
			LogAssemblyErrors (0ms)
			InitializePlatformSupportModulesInManaged (14ms)
			SetLoadedEditorAssemblies (3ms)
			BeforeProcessingInitializeOnLoad (81ms)
			ProcessInitializeOnLoadAttributes (496ms)
			ProcessInitializeOnLoadMethodAttributes (81ms)
			AfterProcessingInitializeOnLoad (1ms)
			EditorAssembliesLoaded (3ms)
		ExecutionOrderSort2 (0ms)
		AwakeInstancesAfterBackupRestoration (6ms)
WARNING: Shader Unsupported: 'Hidden/Simulation/URP/Synthetic' - All subshaders removed
WARNING: Shader Did you use #pragma only_renderers and omit this platform?
WARNING: Shader If subshaders removal was intentional, you may have forgotten turning Fallback off?
WARNING: Shader Unsupported: 'Hidden/Simulation/URP/Synthetic' - All subshaders removed
WARNING: Shader Did you use #pragma only_renderers and omit this platform?
WARNING: Shader If subshaders removal was intentional, you may have forgotten turning Fallback off?
WARNING: Shader Unsupported: 'Hidden/Simulation/Synthetic Lit' - All subshaders removed
WARNING: Shader Did you use #pragma only_renderers and omit this platform?
WARNING: Shader If subshaders removal was intentional, you may have forgotten turning Fallback off?
WARNING: Shader Unsupported: 'Hidden/Simulation/Synthetic Lit' - All subshaders removed
WARNING: Shader Did you use #pragma only_renderers and omit this platform?
WARNING: Shader If subshaders removal was intentional, you may have forgotten turning Fallback off?
WARNING: Shader Unsupported: 'Simulation/Standard Lit' - All subshaders removed
WARNING: Shader Did you use #pragma only_renderers and omit this platform?
WARNING: Shader If subshaders removal was intentional, you may have forgotten turning Fallback off?
WARNING: Shader Unsupported: 'Simulation/Standard Lit' - All subshaders removed
WARNING: Shader Did you use #pragma only_renderers and omit this platform?
WARNING: Shader If subshaders removal was intentional, you may have forgotten turning Fallback off?
WARNING: Shader Unsupported: 'Universal Render Pipeline/VR/SpatialMapping/Wireframe' - All subshaders removed
WARNING: Shader Did you use #pragma only_renderers and omit this platform?
WARNING: Shader If subshaders removal was intentional, you may have forgotten turning Fallback off?
WARNING: Shader Unsupported: 'Universal Render Pipeline/VR/SpatialMapping/Wireframe' - All subshaders removed
WARNING: Shader Did you use #pragma only_renderers and omit this platform?
WARNING: Shader If subshaders removal was intentional, you may have forgotten turning Fallback off?
WARNING: Shader Unsupported: 'Simulation/URP/Room X-Ray' - All subshaders removed
WARNING: Shader Did you use #pragma only_renderers and omit this platform?
WARNING: Shader If subshaders removal was intentional, you may have forgotten turning Fallback off?
WARNING: Shader Unsupported: 'Simulation/URP/Room X-Ray' - All subshaders removed
WARNING: Shader Did you use #pragma only_renderers and omit this platform?
WARNING: Shader If subshaders removal was intentional, you may have forgotten turning Fallback off?
WARNING: Shader Unsupported: 'Simulation/Room X-Ray' - All subshaders removed
WARNING: Shader Did you use #pragma only_renderers and omit this platform?
WARNING: Shader If subshaders removal was intentional, you may have forgotten turning Fallback off?
WARNING: Shader Unsupported: 'Simulation/Room X-Ray' - All subshaders removed
WARNING: Shader Did you use #pragma only_renderers and omit this platform?
WARNING: Shader If subshaders removal was intentional, you may have forgotten turning Fallback off?
WARNING: Shader Unsupported: 'Simulation/URP/Lit' - All subshaders removed
WARNING: Shader Did you use #pragma only_renderers and omit this platform?
WARNING: Shader If subshaders removal was intentional, you may have forgotten turning Fallback off?
WARNING: Shader Unsupported: 'Simulation/URP/Lit' - All subshaders removed
WARNING: Shader Did you use #pragma only_renderers and omit this platform?
WARNING: Shader If subshaders removal was intentional, you may have forgotten turning Fallback off?
Refreshing native plugins compatible for Editor in 1.60 ms, found 7 plugins.
Preloading 0 native plugins for Editor in 0.00 ms.
Unloading 50 Unused Serialized files (Serialized files now loaded: 0)
Unloading 10432 unused Assets / (11.3 MB). Loaded Objects now: 11185.
Memory consumption went from 270.8 MB to 259.5 MB.
Total: 9.269959 ms (FindLiveObjects: 0.461041 ms CreateObjectMapping: 0.222208 ms MarkObjects: 5.565917 ms  DeleteObjects: 3.020333 ms)

Unloading 0 Unused Serialized files (Serialized files now loaded: 0)
Unloading 0 unused Assets / (4.2 MB). Loaded Objects now: 11185.
Memory consumption went from 259.5 MB to 255.3 MB.
Total: 4.911333 ms (FindLiveObjects: 0.229375 ms CreateObjectMapping: 0.100291 ms MarkObjects: 4.297709 ms  DeleteObjects: 0.283792 ms)

Prepare: number of updated asset objects reloaded= 0
========================================================================
Received Prepare
Assembly reference Packages/com.unity.entities/Unity.Scenes.Editor/Internals/Properties/Unity.Properties.Internals.asmref has no target assembly definition
Assembly reference Packages/com.unity.entities/Unity.Scenes.Editor/Internals/Properties/Unity.Properties.Internals.asmref has no target assembly definition
Begin MonoManager ReloadAssembly
Thread 0x177557000 may have been prematurely finalized
Symbol file LoadedFromMemory is not a mono symbol file
- Loaded All Assemblies, in  0.485 seconds
Assembly reference Packages/com.unity.entities/Unity.Scenes.Editor/Internals/Properties/Unity.Properties.Internals.asmref has no target assembly definition
Refreshing native plugins compatible for Editor in 1.47 ms, found 7 plugins.
Native extension for iOS target not found
Native extension for Android target not found
Native extension for WindowsStandalone target not found
Native extension for VisionOS target not found
Native extension for OSXStandalone target not found
Assembly reference Packages/com.unity.entities/Unity.Scenes.Editor/Internals/Properties/Unity.Properties.Internals.asmref has no target assembly definition
[Package Manager] Failed to launch server process. Reason: Unity was launched with the -noUpm command-line argument
[Package Manager] Unable to send message (not connected to server process).
[Package Manager] Cannot connect to Unity Package Manager local server
TypeManager.Initialize took: 207ms
Refreshing native plugins compatible for Editor in 1.57 ms, found 7 plugins.
System.Reflection.TargetInvocationException: Exception has been thrown by the target of an invocation. ---> System.NullReferenceException: Object reference not set to an instance of an object
  at Unity.PolySpatial.PolySpatialSettings.LoadPackageVersion () [0x0003c] in ./Library/PackageCache/com.unity.polyspatial@d223e8e81ba4/Runtime/Public/PolySpatialSettingsForEditor.cs:243 
  at Unity.PolySpatial.PolySpatialSettings.InitializeInEditor () [0x00007] in ./Library/PackageCache/com.unity.polyspatial@d223e8e81ba4/Runtime/Public/PolySpatialSettingsForEditor.cs:225 
  at (wrapper managed-to-native) System.Reflection.RuntimeMethodInfo.InternalInvoke(System.Reflection.RuntimeMethodInfo,object,object[],System.Exception&)
  at System.Reflection.RuntimeMethodInfo.Invoke (System.Object obj, System.Reflection.BindingFlags invokeAttr, System.Reflection.Binder binder, System.Object[] parameters, System.Globalization.CultureInfo culture) [0x0006a] in <82571d7f5249456da89e34eb003220a7>:0 
   --- End of inner exception stack trace ---
  at System.Reflection.RuntimeMethodInfo.Invoke (System.Object obj, System.Reflection.BindingFlags invokeAttr, System.Reflection.Binder binder, System.Object[] parameters, System.Globalization.CultureInfo culture) [0x00083] in <82571d7f5249456da89e34eb003220a7>:0 
  at System.Reflection.MethodBase.Invoke (System.Object obj, System.Object[] parameters) [0x00000] in <82571d7f5249456da89e34eb003220a7>:0 
  at UnityEditor.EditorAssemblies.ProcessInitializeOnLoadMethodAttributes () [0x00056] in /Users/bokken/build/output/unity/unity/Editor/Mono/EditorAssemblies.cs:142 
UnityEngine.Debug:ExtractStackTraceNoAlloc (byte*,int,string)
UnityEngine.StackTraceUtility:ExtractStackTrace () (at /Users/bokken/build/output/unity/unity/Runtime/Export/Scripting/StackTrace.cs:37)
UnityEngine.DebugLogHandler:Internal_Log (UnityEngine.LogType,UnityEngine.LogOption,string,UnityEngine.Object)
UnityEngine.DebugLogHandler:LogFormat (UnityEngine.LogType,UnityEngine.Object,string,object[])
UnityEngine.Logger:Log (UnityEngine.LogType,object)
UnityEngine.Debug:LogError (object)
UnityEditor.EditorAssemblies:ProcessInitializeOnLoadMethodAttributes () (at /Users/bokken/build/output/unity/unity/Editor/Mono/EditorAssemblies.cs:146)

(Filename: /Users/bokken/build/output/unity/unity/Editor/Mono/EditorAssemblies.cs Line: 146)

Mono: successfully reloaded assembly
[Package Manager] Failed to launch server process. Reason: Unity was launched with the -noUpm command-line argument
[Package Manager] Unable to send message (not connected to server process).
[Package Manager] Cannot connect to Unity Package Manager local server
- Finished resetting the current domain, in  0.769 seconds
Domain Reload Profiling: 1257ms
	BeginReloadAssembly (126ms)
		ExecutionOrderSort (0ms)
		DisableScriptedObjects (3ms)
		BackupInstance (0ms)
		ReleaseScriptingObjects (0ms)
		CreateAndSetChildDomain (67ms)
	RebuildCommonClasses (19ms)
	RebuildNativeTypeToScriptingClass (7ms)
	initialDomainReloadingComplete (23ms)
	LoadAllAssembliesAndSetupDomain (312ms)
		LoadAssemblies (167ms)
		RebuildTransferFunctionScriptingTraits (0ms)
		AnalyzeDomain (166ms)
			TypeCache.Refresh (6ms)
				TypeCache.ScanAssembly (0ms)
			BuildScriptInfoCaches (148ms)
			ResolveRequiredComponents (10ms)
	FinalizeReload (769ms)
		ReleaseScriptCaches (0ms)
		RebuildScriptCaches (0ms)
		SetupLoadedEditorAssemblies (684ms)
			LogAssemblyErrors (0ms)
			InitializePlatformSupportModulesInManaged (14ms)
			SetLoadedEditorAssemblies (4ms)
			BeforeProcessingInitializeOnLoad (85ms)
			ProcessInitializeOnLoadAttributes (497ms)
			ProcessInitializeOnLoadMethodAttributes (83ms)
			AfterProcessingInitializeOnLoad (1ms)
			EditorAssembliesLoaded (0ms)
		ExecutionOrderSort2 (0ms)
		AwakeInstancesAfterBackupRestoration (6ms)
WARNING: Shader Unsupported: 'Hidden/Simulation/URP/Synthetic' - All subshaders removed
WARNING: Shader Did you use #pragma only_renderers and omit this platform?
WARNING: Shader If subshaders removal was intentional, you may have forgotten turning Fallback off?
WARNING: Shader Unsupported: 'Hidden/Simulation/URP/Synthetic' - All subshaders removed
WARNING: Shader Did you use #pragma only_renderers and omit this platform?
WARNING: Shader If subshaders removal was intentional, you may have forgotten turning Fallback off?
WARNING: Shader Unsupported: 'Hidden/Simulation/Synthetic Lit' - All subshaders removed
WARNING: Shader Did you use #pragma only_renderers and omit this platform?
WARNING: Shader If subshaders removal was intentional, you may have forgotten turning Fallback off?
WARNING: Shader Unsupported: 'Hidden/Simulation/Synthetic Lit' - All subshaders removed
WARNING: Shader Did you use #pragma only_renderers and omit this platform?
WARNING: Shader If subshaders removal was intentional, you may have forgotten turning Fallback off?
WARNING: Shader Unsupported: 'Simulation/Standard Lit' - All subshaders removed
WARNING: Shader Did you use #pragma only_renderers and omit this platform?
WARNING: Shader If subshaders removal was intentional, you may have forgotten turning Fallback off?
WARNING: Shader Unsupported: 'Simulation/Standard Lit' - All subshaders removed
WARNING: Shader Did you use #pragma only_renderers and omit this platform?
WARNING: Shader If subshaders removal was intentional, you may have forgotten turning Fallback off?
WARNING: Shader Unsupported: 'Universal Render Pipeline/VR/SpatialMapping/Wireframe' - All subshaders removed
WARNING: Shader Did you use #pragma only_renderers and omit this platform?
WARNING: Shader If subshaders removal was intentional, you may have forgotten turning Fallback off?
WARNING: Shader Unsupported: 'Universal Render Pipeline/VR/SpatialMapping/Wireframe' - All subshaders removed
WARNING: Shader Did you use #pragma only_renderers and omit this platform?
WARNING: Shader If subshaders removal was intentional, you may have forgotten turning Fallback off?
WARNING: Shader Unsupported: 'Simulation/URP/Room X-Ray' - All subshaders removed
WARNING: Shader Did you use #pragma only_renderers and omit this platform?
WARNING: Shader If subshaders removal was intentional, you may have forgotten turning Fallback off?
WARNING: Shader Unsupported: 'Simulation/URP/Room X-Ray' - All subshaders removed
WARNING: Shader Did you use #pragma only_renderers and omit this platform?
WARNING: Shader If subshaders removal was intentional, you may have forgotten turning Fallback off?
WARNING: Shader Unsupported: 'Simulation/Room X-Ray' - All subshaders removed
WARNING: Shader Did you use #pragma only_renderers and omit this platform?
WARNING: Shader If subshaders removal was intentional, you may have forgotten turning Fallback off?
WARNING: Shader Unsupported: 'Simulation/Room X-Ray' - All subshaders removed
WARNING: Shader Did you use #pragma only_renderers and omit this platform?
WARNING: Shader If subshaders removal was intentional, you may have forgotten turning Fallback off?
WARNING: Shader Unsupported: 'Simulation/URP/Lit' - All subshaders removed
WARNING: Shader Did you use #pragma only_renderers and omit this platform?
WARNING: Shader If subshaders removal was intentional, you may have forgotten turning Fallback off?
WARNING: Shader Unsupported: 'Simulation/URP/Lit' - All subshaders removed
WARNING: Shader Did you use #pragma only_renderers and omit this platform?
WARNING: Shader If subshaders removal was intentional, you may have forgotten turning Fallback off?
Refreshing native plugins compatible for Editor in 1.36 ms, found 7 plugins.
Preloading 0 native plugins for Editor in 0.00 ms.
Unloading 50 Unused Serialized files (Serialized files now loaded: 0)
Unloading 10432 unused Assets / (11.5 MB). Loaded Objects now: 11185.
Memory consumption went from 270.8 MB to 259.3 MB.
Total: 9.274417 ms (FindLiveObjects: 0.381750 ms CreateObjectMapping: 0.214667 ms MarkObjects: 5.822625 ms  DeleteObjects: 2.855167 ms)

Unloading 0 Unused Serialized files (Serialized files now loaded: 0)
Unloading 0 unused Assets / (3.9 MB). Loaded Objects now: 11185.
Memory consumption went from 259.2 MB to 255.3 MB.
Total: 5.931042 ms (FindLiveObjects: 0.216583 ms CreateObjectMapping: 0.115459 ms MarkObjects: 5.261833 ms  DeleteObjects: 0.337000 ms)

Prepare: number of updated asset objects reloaded= 0
========================================================================
Received Prepare
Assembly reference Packages/com.unity.entities/Unity.Scenes.Editor/Internals/Properties/Unity.Properties.Internals.asmref has no target assembly definition
Assembly reference Packages/com.unity.entities/Unity.Scenes.Editor/Internals/Properties/Unity.Properties.Internals.asmref has no target assembly definition
Begin MonoManager ReloadAssembly
Thread 0x177557000 may have been prematurely finalized
Symbol file LoadedFromMemory is not a mono symbol file
- Loaded All Assemblies, in  0.512 seconds
Assembly reference Packages/com.unity.entities/Unity.Scenes.Editor/Internals/Properties/Unity.Properties.Internals.asmref has no target assembly definition
Refreshing native plugins compatible for Editor in 1.17 ms, found 7 plugins.
Native extension for iOS target not found
Native extension for Android target not found
Native extension for WindowsStandalone target not found
Native extension for VisionOS target not found
Native extension for OSXStandalone target not found
Assembly reference Packages/com.unity.entities/Unity.Scenes.Editor/Internals/Properties/Unity.Properties.Internals.asmref has no target assembly definition
[Package Manager] Failed to launch server process. Reason: Unity was launched with the -noUpm command-line argument
[Package Manager] Unable to send message (not connected to server process).
[Package Manager] Cannot connect to Unity Package Manager local server
TypeManager.Initialize took: 201ms
Refreshing native plugins compatible for Editor in 1.79 ms, found 7 plugins.
System.Reflection.TargetInvocationException: Exception has been thrown by the target of an invocation. ---> System.NullReferenceException: Object reference not set to an instance of an object
  at Unity.PolySpatial.PolySpatialSettings.LoadPackageVersion () [0x0003c] in ./Library/PackageCache/com.unity.polyspatial@d223e8e81ba4/Runtime/Public/PolySpatialSettingsForEditor.cs:243 
  at Unity.PolySpatial.PolySpatialSettings.InitializeInEditor () [0x00007] in ./Library/PackageCache/com.unity.polyspatial@d223e8e81ba4/Runtime/Public/PolySpatialSettingsForEditor.cs:225 
  at (wrapper managed-to-native) System.Reflection.RuntimeMethodInfo.InternalInvoke(System.Reflection.RuntimeMethodInfo,object,object[],System.Exception&)
  at System.Reflection.RuntimeMethodInfo.Invoke (System.Object obj, System.Reflection.BindingFlags invokeAttr, System.Reflection.Binder binder, System.Object[] parameters, System.Globalization.CultureInfo culture) [0x0006a] in <82571d7f5249456da89e34eb003220a7>:0 
   --- End of inner exception stack trace ---
  at System.Reflection.RuntimeMethodInfo.Invoke (System.Object obj, System.Reflection.BindingFlags invokeAttr, System.Reflection.Binder binder, System.Object[] parameters, System.Globalization.CultureInfo culture) [0x00083] in <82571d7f5249456da89e34eb003220a7>:0 
  at System.Reflection.MethodBase.Invoke (System.Object obj, System.Object[] parameters) [0x00000] in <82571d7f5249456da89e34eb003220a7>:0 
  at UnityEditor.EditorAssemblies.ProcessInitializeOnLoadMethodAttributes () [0x00056] in /Users/bokken/build/output/unity/unity/Editor/Mono/EditorAssemblies.cs:142 
UnityEngine.Debug:ExtractStackTraceNoAlloc (byte*,int,string)
UnityEngine.StackTraceUtility:ExtractStackTrace () (at /Users/bokken/build/output/unity/unity/Runtime/Export/Scripting/StackTrace.cs:37)
UnityEngine.DebugLogHandler:Internal_Log (UnityEngine.LogType,UnityEngine.LogOption,string,UnityEngine.Object)
UnityEngine.DebugLogHandler:LogFormat (UnityEngine.LogType,UnityEngine.Object,string,object[])
UnityEngine.Logger:Log (UnityEngine.LogType,object)
UnityEngine.Debug:LogError (object)
UnityEditor.EditorAssemblies:ProcessInitializeOnLoadMethodAttributes () (at /Users/bokken/build/output/unity/unity/Editor/Mono/EditorAssemblies.cs:146)

(Filename: /Users/bokken/build/output/unity/unity/Editor/Mono/EditorAssemblies.cs Line: 146)

Mono: successfully reloaded assembly
[Package Manager] Failed to launch server process. Reason: Unity was launched with the -noUpm command-line argument
[Package Manager] Unable to send message (not connected to server process).
[Package Manager] Cannot connect to Unity Package Manager local server
- Finished resetting the current domain, in  0.760 seconds
Domain Reload Profiling: 1276ms
	BeginReloadAssembly (126ms)
		ExecutionOrderSort (0ms)
		DisableScriptedObjects (3ms)
		BackupInstance (0ms)
		ReleaseScriptingObjects (0ms)
		CreateAndSetChildDomain (67ms)
	RebuildCommonClasses (19ms)
	RebuildNativeTypeToScriptingClass (7ms)
	initialDomainReloadingComplete (24ms)
	LoadAllAssembliesAndSetupDomain (340ms)
		LoadAssemblies (190ms)
		RebuildTransferFunctionScriptingTraits (0ms)
		AnalyzeDomain (170ms)
			TypeCache.Refresh (8ms)
				TypeCache.ScanAssembly (1ms)
			BuildScriptInfoCaches (150ms)
			ResolveRequiredComponents (11ms)
	FinalizeReload (760ms)
		ReleaseScriptCaches (0ms)
		RebuildScriptCaches (0ms)
		SetupLoadedEditorAssemblies (673ms)
			LogAssemblyErrors (0ms)
			InitializePlatformSupportModulesInManaged (15ms)
			SetLoadedEditorAssemblies (4ms)
			BeforeProcessingInitializeOnLoad (90ms)
			ProcessInitializeOnLoadAttributes (487ms)
			ProcessInitializeOnLoadMethodAttributes (77ms)
			AfterProcessingInitializeOnLoad (1ms)
			EditorAssembliesLoaded (0ms)
		ExecutionOrderSort2 (0ms)
		AwakeInstancesAfterBackupRestoration (5ms)
WARNING: Shader Unsupported: 'Hidden/Simulation/URP/Synthetic' - All subshaders removed
WARNING: Shader Did you use #pragma only_renderers and omit this platform?
WARNING: Shader If subshaders removal was intentional, you may have forgotten turning Fallback off?
WARNING: Shader Unsupported: 'Hidden/Simulation/URP/Synthetic' - All subshaders removed
WARNING: Shader Did you use #pragma only_renderers and omit this platform?
WARNING: Shader If subshaders removal was intentional, you may have forgotten turning Fallback off?
WARNING: Shader Unsupported: 'Hidden/Simulation/Synthetic Lit' - All subshaders removed
WARNING: Shader Did you use #pragma only_renderers and omit this platform?
WARNING: Shader If subshaders removal was intentional, you may have forgotten turning Fallback off?
WARNING: Shader Unsupported: 'Hidden/Simulation/Synthetic Lit' - All subshaders removed
WARNING: Shader Did you use #pragma only_renderers and omit this platform?
WARNING: Shader If subshaders removal was intentional, you may have forgotten turning Fallback off?
WARNING: Shader Unsupported: 'Simulation/Standard Lit' - All subshaders removed
WARNING: Shader Did you use #pragma only_renderers and omit this platform?
WARNING: Shader If subshaders removal was intentional, you may have forgotten turning Fallback off?
WARNING: Shader Unsupported: 'Simulation/Standard Lit' - All subshaders removed
WARNING: Shader Did you use #pragma only_renderers and omit this platform?
WARNING: Shader If subshaders removal was intentional, you may have forgotten turning Fallback off?
WARNING: Shader Unsupported: 'Universal Render Pipeline/VR/SpatialMapping/Wireframe' - All subshaders removed
WARNING: Shader Did you use #pragma only_renderers and omit this platform?
WARNING: Shader If subshaders removal was intentional, you may have forgotten turning Fallback off?
WARNING: Shader Unsupported: 'Universal Render Pipeline/VR/SpatialMapping/Wireframe' - All subshaders removed
WARNING: Shader Did you use #pragma only_renderers and omit this platform?
WARNING: Shader If subshaders removal was intentional, you may have forgotten turning Fallback off?
WARNING: Shader Unsupported: 'Simulation/URP/Room X-Ray' - All subshaders removed
WARNING: Shader Did you use #pragma only_renderers and omit this platform?
WARNING: Shader If subshaders removal was intentional, you may have forgotten turning Fallback off?
WARNING: Shader Unsupported: 'Simulation/URP/Room X-Ray' - All subshaders removed
WARNING: Shader Did you use #pragma only_renderers and omit this platform?
WARNING: Shader If subshaders removal was intentional, you may have forgotten turning Fallback off?
WARNING: Shader Unsupported: 'Simulation/Room X-Ray' - All subshaders removed
WARNING: Shader Did you use #pragma only_renderers and omit this platform?
WARNING: Shader If subshaders removal was intentional, you may have forgotten turning Fallback off?
WARNING: Shader Unsupported: 'Simulation/Room X-Ray' - All subshaders removed
WARNING: Shader Did you use #pragma only_renderers and omit this platform?
WARNING: Shader If subshaders removal was intentional, you may have forgotten turning Fallback off?
WARNING: Shader Unsupported: 'Simulation/URP/Lit' - All subshaders removed
WARNING: Shader Did you use #pragma only_renderers and omit this platform?
WARNING: Shader If subshaders removal was intentional, you may have forgotten turning Fallback off?
WARNING: Shader Unsupported: 'Simulation/URP/Lit' - All subshaders removed
WARNING: Shader Did you use #pragma only_renderers and omit this platform?
WARNING: Shader If subshaders removal was intentional, you may have forgotten turning Fallback off?
Refreshing native plugins compatible for Editor in 1.48 ms, found 7 plugins.
Preloading 0 native plugins for Editor in 0.00 ms.
Unloading 50 Unused Serialized files (Serialized files now loaded: 0)
Unloading 10432 unused Assets / (11.6 MB). Loaded Objects now: 11185.
Memory consumption went from 270.9 MB to 259.4 MB.
Total: 9.283083 ms (FindLiveObjects: 0.439500 ms CreateObjectMapping: 0.182959 ms MarkObjects: 5.591791 ms  DeleteObjects: 3.068792 ms)

Unloading 0 Unused Serialized files (Serialized files now loaded: 0)
Unloading 0 unused Assets / (4.0 MB). Loaded Objects now: 11185.
Memory consumption went from 259.3 MB to 255.4 MB.
Total: 5.528750 ms (FindLiveObjects: 0.240000 ms CreateObjectMapping: 0.170041 ms MarkObjects: 4.765375 ms  DeleteObjects: 0.353084 ms)

Prepare: number of updated asset objects reloaded= 0
========================================================================
Received Prepare
Assembly reference Packages/com.unity.entities/Unity.Scenes.Editor/Internals/Properties/Unity.Properties.Internals.asmref has no target assembly definition
Assembly reference Packages/com.unity.entities/Unity.Scenes.Editor/Internals/Properties/Unity.Properties.Internals.asmref has no target assembly definition
Begin MonoManager ReloadAssembly
Thread 0x177557000 may have been prematurely finalized
Symbol file LoadedFromMemory is not a mono symbol file
- Loaded All Assemblies, in  0.494 seconds
Assembly reference Packages/com.unity.entities/Unity.Scenes.Editor/Internals/Properties/Unity.Properties.Internals.asmref has no target assembly definition
Refreshing native plugins compatible for Editor in 1.36 ms, found 7 plugins.
Native extension for iOS target not found
Native extension for Android target not found
Native extension for WindowsStandalone target not found
Native extension for VisionOS target not found
Native extension for OSXStandalone target not found
Assembly reference Packages/com.unity.entities/Unity.Scenes.Editor/Internals/Properties/Unity.Properties.Internals.asmref has no target assembly definition
[Package Manager] Failed to launch server process. Reason: Unity was launched with the -noUpm command-line argument
[Package Manager] Unable to send message (not connected to server process).
[Package Manager] Cannot connect to Unity Package Manager local server
TypeManager.Initialize took: 197ms
Refreshing native plugins compatible for Editor in 1.43 ms, found 7 plugins.
System.Reflection.TargetInvocationException: Exception has been thrown by the target of an invocation. ---> System.NullReferenceException: Object reference not set to an instance of an object
  at Unity.PolySpatial.PolySpatialSettings.LoadPackageVersion () [0x0003c] in ./Library/PackageCache/com.unity.polyspatial@d223e8e81ba4/Runtime/Public/PolySpatialSettingsForEditor.cs:243 
  at Unity.PolySpatial.PolySpatialSettings.InitializeInEditor () [0x00007] in ./Library/PackageCache/com.unity.polyspatial@d223e8e81ba4/Runtime/Public/PolySpatialSettingsForEditor.cs:225 
  at (wrapper managed-to-native) System.Reflection.RuntimeMethodInfo.InternalInvoke(System.Reflection.RuntimeMethodInfo,object,object[],System.Exception&)
  at System.Reflection.RuntimeMethodInfo.Invoke (System.Object obj, System.Reflection.BindingFlags invokeAttr, System.Reflection.Binder binder, System.Object[] parameters, System.Globalization.CultureInfo culture) [0x0006a] in <82571d7f5249456da89e34eb003220a7>:0 
   --- End of inner exception stack trace ---
  at System.Reflection.RuntimeMethodInfo.Invoke (System.Object obj, System.Reflection.BindingFlags invokeAttr, System.Reflection.Binder binder, System.Object[] parameters, System.Globalization.CultureInfo culture) [0x00083] in <82571d7f5249456da89e34eb003220a7>:0 
  at System.Reflection.MethodBase.Invoke (System.Object obj, System.Object[] parameters) [0x00000] in <82571d7f5249456da89e34eb003220a7>:0 
  at UnityEditor.EditorAssemblies.ProcessInitializeOnLoadMethodAttributes () [0x00056] in /Users/bokken/build/output/unity/unity/Editor/Mono/EditorAssemblies.cs:142 
UnityEngine.Debug:ExtractStackTraceNoAlloc (byte*,int,string)
UnityEngine.StackTraceUtility:ExtractStackTrace () (at /Users/bokken/build/output/unity/unity/Runtime/Export/Scripting/StackTrace.cs:37)
UnityEngine.DebugLogHandler:Internal_Log (UnityEngine.LogType,UnityEngine.LogOption,string,UnityEngine.Object)
UnityEngine.DebugLogHandler:LogFormat (UnityEngine.LogType,UnityEngine.Object,string,object[])
UnityEngine.Logger:Log (UnityEngine.LogType,object)
UnityEngine.Debug:LogError (object)
UnityEditor.EditorAssemblies:ProcessInitializeOnLoadMethodAttributes () (at /Users/bokken/build/output/unity/unity/Editor/Mono/EditorAssemblies.cs:146)

(Filename: /Users/bokken/build/output/unity/unity/Editor/Mono/EditorAssemblies.cs Line: 146)

Mono: successfully reloaded assembly
[Package Manager] Failed to launch server process. Reason: Unity was launched with the -noUpm command-line argument
[Package Manager] Unable to send message (not connected to server process).
[Package Manager] Cannot connect to Unity Package Manager local server
- Finished resetting the current domain, in  0.740 seconds
Domain Reload Profiling: 1237ms
	BeginReloadAssembly (126ms)
		ExecutionOrderSort (0ms)
		DisableScriptedObjects (3ms)
		BackupInstance (0ms)
		ReleaseScriptingObjects (0ms)
		CreateAndSetChildDomain (68ms)
	RebuildCommonClasses (20ms)
	RebuildNativeTypeToScriptingClass (7ms)
	initialDomainReloadingComplete (23ms)
	LoadAllAssembliesAndSetupDomain (322ms)
		LoadAssemblies (171ms)
		RebuildTransferFunctionScriptingTraits (0ms)
		AnalyzeDomain (172ms)
			TypeCache.Refresh (9ms)
				TypeCache.ScanAssembly (1ms)
			BuildScriptInfoCaches (150ms)
			ResolveRequiredComponents (10ms)
	FinalizeReload (740ms)
		ReleaseScriptCaches (0ms)
		RebuildScriptCaches (0ms)
		SetupLoadedEditorAssemblies (655ms)
			LogAssemblyErrors (0ms)
			InitializePlatformSupportModulesInManaged (14ms)
			SetLoadedEditorAssemblies (3ms)
			BeforeProcessingInitializeOnLoad (87ms)
			ProcessInitializeOnLoadAttributes (475ms)
			ProcessInitializeOnLoadMethodAttributes (75ms)
			AfterProcessingInitializeOnLoad (1ms)
			EditorAssembliesLoaded (0ms)
		ExecutionOrderSort2 (0ms)
		AwakeInstancesAfterBackupRestoration (5ms)
WARNING: Shader Unsupported: 'Hidden/Simulation/URP/Synthetic' - All subshaders removed
WARNING: Shader Did you use #pragma only_renderers and omit this platform?
WARNING: Shader If subshaders removal was intentional, you may have forgotten turning Fallback off?
WARNING: Shader Unsupported: 'Hidden/Simulation/URP/Synthetic' - All subshaders removed
WARNING: Shader Did you use #pragma only_renderers and omit this platform?
WARNING: Shader If subshaders removal was intentional, you may have forgotten turning Fallback off?
WARNING: Shader Unsupported: 'Hidden/Simulation/Synthetic Lit' - All subshaders removed
WARNING: Shader Did you use #pragma only_renderers and omit this platform?
WARNING: Shader If subshaders removal was intentional, you may have forgotten turning Fallback off?
WARNING: Shader Unsupported: 'Hidden/Simulation/Synthetic Lit' - All subshaders removed
WARNING: Shader Did you use #pragma only_renderers and omit this platform?
WARNING: Shader If subshaders removal was intentional, you may have forgotten turning Fallback off?
WARNING: Shader Unsupported: 'Simulation/Standard Lit' - All subshaders removed
WARNING: Shader Did you use #pragma only_renderers and omit this platform?
WARNING: Shader If subshaders removal was intentional, you may have forgotten turning Fallback off?
WARNING: Shader Unsupported: 'Simulation/Standard Lit' - All subshaders removed
WARNING: Shader Did you use #pragma only_renderers and omit this platform?
WARNING: Shader If subshaders removal was intentional, you may have forgotten turning Fallback off?
WARNING: Shader Unsupported: 'Universal Render Pipeline/VR/SpatialMapping/Wireframe' - All subshaders removed
WARNING: Shader Did you use #pragma only_renderers and omit this platform?
WARNING: Shader If subshaders removal was intentional, you may have forgotten turning Fallback off?
WARNING: Shader Unsupported: 'Universal Render Pipeline/VR/SpatialMapping/Wireframe' - All subshaders removed
WARNING: Shader Did you use #pragma only_renderers and omit this platform?
WARNING: Shader If subshaders removal was intentional, you may have forgotten turning Fallback off?
WARNING: Shader Unsupported: 'Simulation/URP/Room X-Ray' - All subshaders removed
WARNING: Shader Did you use #pragma only_renderers and omit this platform?
WARNING: Shader If subshaders removal was intentional, you may have forgotten turning Fallback off?
WARNING: Shader Unsupported: 'Simulation/URP/Room X-Ray' - All subshaders removed
WARNING: Shader Did you use #pragma only_renderers and omit this platform?
WARNING: Shader If subshaders removal was intentional, you may have forgotten turning Fallback off?
WARNING: Shader Unsupported: 'Simulation/Room X-Ray' - All subshaders removed
WARNING: Shader Did you use #pragma only_renderers and omit this platform?
WARNING: Shader If subshaders removal was intentional, you may have forgotten turning Fallback off?
WARNING: Shader Unsupported: 'Simulation/Room X-Ray' - All subshaders removed
WARNING: Shader Did you use #pragma only_renderers and omit this platform?
WARNING: Shader If subshaders removal was intentional, you may have forgotten turning Fallback off?
WARNING: Shader Unsupported: 'Simulation/URP/Lit' - All subshaders removed
WARNING: Shader Did you use #pragma only_renderers and omit this platform?
WARNING: Shader If subshaders removal was intentional, you may have forgotten turning Fallback off?
WARNING: Shader Unsupported: 'Simulation/URP/Lit' - All subshaders removed
WARNING: Shader Did you use #pragma only_renderers and omit this platform?
WARNING: Shader If subshaders removal was intentional, you may have forgotten turning Fallback off?
Refreshing native plugins compatible for Editor in 1.96 ms, found 7 plugins.
Preloading 0 native plugins for Editor in 0.00 ms.
Unloading 50 Unused Serialized files (Serialized files now loaded: 0)
Unloading 10432 unused Assets / (7.1 MB). Loaded Objects now: 11185.
Memory consumption went from 270.9 MB to 263.7 MB.
Total: 16.897125 ms (FindLiveObjects: 0.416417 ms CreateObjectMapping: 0.219750 ms MarkObjects: 11.267125 ms  DeleteObjects: 4.993375 ms)

Unloading 0 Unused Serialized files (Serialized files now loaded: 0)
Unloading 0 unused Assets / (8.3 MB). Loaded Objects now: 11185.
Memory consumption went from 263.7 MB to 255.4 MB.
Total: 7.150542 ms (FindLiveObjects: 0.231833 ms CreateObjectMapping: 0.084959 ms MarkObjects: 6.244125 ms  DeleteObjects: 0.589083 ms)

Prepare: number of updated asset objects reloaded= 0
========================================================================
Received Prepare
Assembly reference Packages/com.unity.entities/Unity.Scenes.Editor/Internals/Properties/Unity.Properties.Internals.asmref has no target assembly definition
Assembly reference Packages/com.unity.entities/Unity.Scenes.Editor/Internals/Properties/Unity.Properties.Internals.asmref has no target assembly definition
Begin MonoManager ReloadAssembly
Thread 0x177557000 may have been prematurely finalized
Symbol file LoadedFromMemory is not a mono symbol file
- Loaded All Assemblies, in  0.489 seconds
Assembly reference Packages/com.unity.entities/Unity.Scenes.Editor/Internals/Properties/Unity.Properties.Internals.asmref has no target assembly definition
Refreshing native plugins compatible for Editor in 1.35 ms, found 7 plugins.
Native extension for iOS target not found
Native extension for Android target not found
Native extension for WindowsStandalone target not found
Native extension for VisionOS target not found
Native extension for OSXStandalone target not found
Assembly reference Packages/com.unity.entities/Unity.Scenes.Editor/Internals/Properties/Unity.Properties.Internals.asmref has no target assembly definition
[Package Manager] Failed to launch server process. Reason: Unity was launched with the -noUpm command-line argument
[Package Manager] Unable to send message (not connected to server process).
[Package Manager] Cannot connect to Unity Package Manager local server
TypeManager.Initialize took: 208ms
Refreshing native plugins compatible for Editor in 1.23 ms, found 7 plugins.
System.Reflection.TargetInvocationException: Exception has been thrown by the target of an invocation. ---> System.NullReferenceException: Object reference not set to an instance of an object
  at Unity.PolySpatial.PolySpatialSettings.LoadPackageVersion () [0x0003c] in ./Library/PackageCache/com.unity.polyspatial@d223e8e81ba4/Runtime/Public/PolySpatialSettingsForEditor.cs:243 
  at Unity.PolySpatial.PolySpatialSettings.InitializeInEditor () [0x00007] in ./Library/PackageCache/com.unity.polyspatial@d223e8e81ba4/Runtime/Public/PolySpatialSettingsForEditor.cs:225 
  at (wrapper managed-to-native) System.Reflection.RuntimeMethodInfo.InternalInvoke(System.Reflection.RuntimeMethodInfo,object,object[],System.Exception&)
  at System.Reflection.RuntimeMethodInfo.Invoke (System.Object obj, System.Reflection.BindingFlags invokeAttr, System.Reflection.Binder binder, System.Object[] parameters, System.Globalization.CultureInfo culture) [0x0006a] in <82571d7f5249456da89e34eb003220a7>:0 
   --- End of inner exception stack trace ---
  at System.Reflection.RuntimeMethodInfo.Invoke (System.Object obj, System.Reflection.BindingFlags invokeAttr, System.Reflection.Binder binder, System.Object[] parameters, System.Globalization.CultureInfo culture) [0x00083] in <82571d7f5249456da89e34eb003220a7>:0 
  at System.Reflection.MethodBase.Invoke (System.Object obj, System.Object[] parameters) [0x00000] in <82571d7f5249456da89e34eb003220a7>:0 
  at UnityEditor.EditorAssemblies.ProcessInitializeOnLoadMethodAttributes () [0x00056] in /Users/bokken/build/output/unity/unity/Editor/Mono/EditorAssemblies.cs:142 
UnityEngine.Debug:ExtractStackTraceNoAlloc (byte*,int,string)
UnityEngine.StackTraceUtility:ExtractStackTrace () (at /Users/bokken/build/output/unity/unity/Runtime/Export/Scripting/StackTrace.cs:37)
UnityEngine.DebugLogHandler:Internal_Log (UnityEngine.LogType,UnityEngine.LogOption,string,UnityEngine.Object)
UnityEngine.DebugLogHandler:LogFormat (UnityEngine.LogType,UnityEngine.Object,string,object[])
UnityEngine.Logger:Log (UnityEngine.LogType,object)
UnityEngine.Debug:LogError (object)
UnityEditor.EditorAssemblies:ProcessInitializeOnLoadMethodAttributes () (at /Users/bokken/build/output/unity/unity/Editor/Mono/EditorAssemblies.cs:146)

(Filename: /Users/bokken/build/output/unity/unity/Editor/Mono/EditorAssemblies.cs Line: 146)

Mono: successfully reloaded assembly
[Package Manager] Failed to launch server process. Reason: Unity was launched with the -noUpm command-line argument
[Package Manager] Unable to send message (not connected to server process).
[Package Manager] Cannot connect to Unity Package Manager local server
- Finished resetting the current domain, in  0.745 seconds
Domain Reload Profiling: 1237ms
	BeginReloadAssembly (124ms)
		ExecutionOrderSort (0ms)
		DisableScriptedObjects (3ms)
		BackupInstance (0ms)
		ReleaseScriptingObjects (0ms)
		CreateAndSetChildDomain (66ms)
	RebuildCommonClasses (20ms)
	RebuildNativeTypeToScriptingClass (7ms)
	initialDomainReloadingComplete (23ms)
	LoadAllAssembliesAndSetupDomain (318ms)
		LoadAssemblies (172ms)
		RebuildTransferFunctionScriptingTraits (0ms)
		AnalyzeDomain (167ms)
			TypeCache.Refresh (5ms)
				TypeCache.ScanAssembly (0ms)
			BuildScriptInfoCaches (149ms)
			ResolveRequiredComponents (10ms)
	FinalizeReload (745ms)
		ReleaseScriptCaches (0ms)
		RebuildScriptCaches (0ms)
		SetupLoadedEditorAssemblies (664ms)
			LogAssemblyErrors (0ms)
			InitializePlatformSupportModulesInManaged (14ms)
			SetLoadedEditorAssemblies (3ms)
			BeforeProcessingInitializeOnLoad (82ms)
			ProcessInitializeOnLoadAttributes (486ms)
			ProcessInitializeOnLoadMethodAttributes (78ms)
			AfterProcessingInitializeOnLoad (1ms)
			EditorAssembliesLoaded (0ms)
		ExecutionOrderSort2 (0ms)
		AwakeInstancesAfterBackupRestoration (5ms)
WARNING: Shader Unsupported: 'Hidden/Simulation/URP/Synthetic' - All subshaders removed
WARNING: Shader Did you use #pragma only_renderers and omit this platform?
WARNING: Shader If subshaders removal was intentional, you may have forgotten turning Fallback off?
WARNING: Shader Unsupported: 'Hidden/Simulation/URP/Synthetic' - All subshaders removed
WARNING: Shader Did you use #pragma only_renderers and omit this platform?
WARNING: Shader If subshaders removal was intentional, you may have forgotten turning Fallback off?
WARNING: Shader Unsupported: 'Hidden/Simulation/Synthetic Lit' - All subshaders removed
WARNING: Shader Did you use #pragma only_renderers and omit this platform?
WARNING: Shader If subshaders removal was intentional, you may have forgotten turning Fallback off?
WARNING: Shader Unsupported: 'Hidden/Simulation/Synthetic Lit' - All subshaders removed
WARNING: Shader Did you use #pragma only_renderers and omit this platform?
WARNING: Shader If subshaders removal was intentional, you may have forgotten turning Fallback off?
WARNING: Shader Unsupported: 'Simulation/Standard Lit' - All subshaders removed
WARNING: Shader Did you use #pragma only_renderers and omit this platform?
WARNING: Shader If subshaders removal was intentional, you may have forgotten turning Fallback off?
WARNING: Shader Unsupported: 'Simulation/Standard Lit' - All subshaders removed
WARNING: Shader Did you use #pragma only_renderers and omit this platform?
WARNING: Shader If subshaders removal was intentional, you may have forgotten turning Fallback off?
WARNING: Shader Unsupported: 'Universal Render Pipeline/VR/SpatialMapping/Wireframe' - All subshaders removed
WARNING: Shader Did you use #pragma only_renderers and omit this platform?
WARNING: Shader If subshaders removal was intentional, you may have forgotten turning Fallback off?
WARNING: Shader Unsupported: 'Universal Render Pipeline/VR/SpatialMapping/Wireframe' - All subshaders removed
WARNING: Shader Did you use #pragma only_renderers and omit this platform?
WARNING: Shader If subshaders removal was intentional, you may have forgotten turning Fallback off?
WARNING: Shader Unsupported: 'Simulation/URP/Room X-Ray' - All subshaders removed
WARNING: Shader Did you use #pragma only_renderers and omit this platform?
WARNING: Shader If subshaders removal was intentional, you may have forgotten turning Fallback off?
WARNING: Shader Unsupported: 'Simulation/URP/Room X-Ray' - All subshaders removed
WARNING: Shader Did you use #pragma only_renderers and omit this platform?
WARNING: Shader If subshaders removal was intentional, you may have forgotten turning Fallback off?
WARNING: Shader Unsupported: 'Simulation/Room X-Ray' - All subshaders removed
WARNING: Shader Did you use #pragma only_renderers and omit this platform?
WARNING: Shader If subshaders removal was intentional, you may have forgotten turning Fallback off?
WARNING: Shader Unsupported: 'Simulation/Room X-Ray' - All subshaders removed
WARNING: Shader Did you use #pragma only_renderers and omit this platform?
WARNING: Shader If subshaders removal was intentional, you may have forgotten turning Fallback off?
WARNING: Shader Unsupported: 'Simulation/URP/Lit' - All subshaders removed
WARNING: Shader Did you use #pragma only_renderers and omit this platform?
WARNING: Shader If subshaders removal was intentional, you may have forgotten turning Fallback off?
WARNING: Shader Unsupported: 'Simulation/URP/Lit' - All subshaders removed
WARNING: Shader Did you use #pragma only_renderers and omit this platform?
WARNING: Shader If subshaders removal was intentional, you may have forgotten turning Fallback off?
Refreshing native plugins compatible for Editor in 1.52 ms, found 7 plugins.
Preloading 0 native plugins for Editor in 0.00 ms.
Unloading 50 Unused Serialized files (Serialized files now loaded: 0)
Unloading 10432 unused Assets / (11.4 MB). Loaded Objects now: 11185.
Memory consumption went from 270.8 MB to 259.4 MB.
Total: 9.876291 ms (FindLiveObjects: 0.445208 ms CreateObjectMapping: 0.235250 ms MarkObjects: 5.992375 ms  DeleteObjects: 3.203166 ms)

Unloading 0 Unused Serialized files (Serialized files now loaded: 0)
Unloading 0 unused Assets / (4.1 MB). Loaded Objects now: 11185.
Memory consumption went from 259.4 MB to 255.3 MB.
Total: 5.979167 ms (FindLiveObjects: 0.242875 ms CreateObjectMapping: 0.166458 ms MarkObjects: 5.169292 ms  DeleteObjects: 0.400459 ms)

Prepare: number of updated asset objects reloaded= 0
========================================================================
Received Prepare
Assembly reference Packages/com.unity.entities/Unity.Scenes.Editor/Internals/Properties/Unity.Properties.Internals.asmref has no target assembly definition
Assembly reference Packages/com.unity.entities/Unity.Scenes.Editor/Internals/Properties/Unity.Properties.Internals.asmref has no target assembly definition
Begin MonoManager ReloadAssembly
Thread 0x177557000 may have been prematurely finalized
Symbol file LoadedFromMemory is not a mono symbol file
- Loaded All Assemblies, in  0.490 seconds
Assembly reference Packages/com.unity.entities/Unity.Scenes.Editor/Internals/Properties/Unity.Properties.Internals.asmref has no target assembly definition
Refreshing native plugins compatible for Editor in 1.36 ms, found 7 plugins.
Native extension for iOS target not found
Native extension for Android target not found
Native extension for WindowsStandalone target not found
Native extension for VisionOS target not found
Native extension for OSXStandalone target not found
Assembly reference Packages/com.unity.entities/Unity.Scenes.Editor/Internals/Properties/Unity.Properties.Internals.asmref has no target assembly definition
[Package Manager] Failed to launch server process. Reason: Unity was launched with the -noUpm command-line argument
[Package Manager] Unable to send message (not connected to server process).
[Package Manager] Cannot connect to Unity Package Manager local server
TypeManager.Initialize took: 205ms
Refreshing native plugins compatible for Editor in 1.52 ms, found 7 plugins.
System.Reflection.TargetInvocationException: Exception has been thrown by the target of an invocation. ---> System.NullReferenceException: Object reference not set to an instance of an object
  at Unity.PolySpatial.PolySpatialSettings.LoadPackageVersion () [0x0003c] in ./Library/PackageCache/com.unity.polyspatial@d223e8e81ba4/Runtime/Public/PolySpatialSettingsForEditor.cs:243 
  at Unity.PolySpatial.PolySpatialSettings.InitializeInEditor () [0x00007] in ./Library/PackageCache/com.unity.polyspatial@d223e8e81ba4/Runtime/Public/PolySpatialSettingsForEditor.cs:225 
  at (wrapper managed-to-native) System.Reflection.RuntimeMethodInfo.InternalInvoke(System.Reflection.RuntimeMethodInfo,object,object[],System.Exception&)
  at System.Reflection.RuntimeMethodInfo.Invoke (System.Object obj, System.Reflection.BindingFlags invokeAttr, System.Reflection.Binder binder, System.Object[] parameters, System.Globalization.CultureInfo culture) [0x0006a] in <82571d7f5249456da89e34eb003220a7>:0 
   --- End of inner exception stack trace ---
  at System.Reflection.RuntimeMethodInfo.Invoke (System.Object obj, System.Reflection.BindingFlags invokeAttr, System.Reflection.Binder binder, System.Object[] parameters, System.Globalization.CultureInfo culture) [0x00083] in <82571d7f5249456da89e34eb003220a7>:0 
  at System.Reflection.MethodBase.Invoke (System.Object obj, System.Object[] parameters) [0x00000] in <82571d7f5249456da89e34eb003220a7>:0 
  at UnityEditor.EditorAssemblies.ProcessInitializeOnLoadMethodAttributes () [0x00056] in /Users/bokken/build/output/unity/unity/Editor/Mono/EditorAssemblies.cs:142 
UnityEngine.Debug:ExtractStackTraceNoAlloc (byte*,int,string)
UnityEngine.StackTraceUtility:ExtractStackTrace () (at /Users/bokken/build/output/unity/unity/Runtime/Export/Scripting/StackTrace.cs:37)
UnityEngine.DebugLogHandler:Internal_Log (UnityEngine.LogType,UnityEngine.LogOption,string,UnityEngine.Object)
UnityEngine.DebugLogHandler:LogFormat (UnityEngine.LogType,UnityEngine.Object,string,object[])
UnityEngine.Logger:Log (UnityEngine.LogType,object)
UnityEngine.Debug:LogError (object)
UnityEditor.EditorAssemblies:ProcessInitializeOnLoadMethodAttributes () (at /Users/bokken/build/output/unity/unity/Editor/Mono/EditorAssemblies.cs:146)

(Filename: /Users/bokken/build/output/unity/unity/Editor/Mono/EditorAssemblies.cs Line: 146)

Mono: successfully reloaded assembly
[Package Manager] Failed to launch server process. Reason: Unity was launched with the -noUpm command-line argument
[Package Manager] Unable to send message (not connected to server process).
[Package Manager] Cannot connect to Unity Package Manager local server
- Finished resetting the current domain, in  0.755 seconds
Domain Reload Profiling: 1249ms
	BeginReloadAssembly (125ms)
		ExecutionOrderSort (0ms)
		DisableScriptedObjects (3ms)
		BackupInstance (0ms)
		ReleaseScriptingObjects (0ms)
		CreateAndSetChildDomain (68ms)
	RebuildCommonClasses (20ms)
	RebuildNativeTypeToScriptingClass (7ms)
	initialDomainReloadingComplete (23ms)
	LoadAllAssembliesAndSetupDomain (318ms)
		LoadAssemblies (172ms)
		RebuildTransferFunctionScriptingTraits (0ms)
		AnalyzeDomain (166ms)
			TypeCache.Refresh (5ms)
				TypeCache.ScanAssembly (0ms)
			BuildScriptInfoCaches (148ms)
			ResolveRequiredComponents (10ms)
	FinalizeReload (756ms)
		ReleaseScriptCaches (0ms)
		RebuildScriptCaches (0ms)
		SetupLoadedEditorAssemblies (674ms)
			LogAssemblyErrors (0ms)
			InitializePlatformSupportModulesInManaged (14ms)
			SetLoadedEditorAssemblies (4ms)
			BeforeProcessingInitializeOnLoad (79ms)
			ProcessInitializeOnLoadAttributes (494ms)
			ProcessInitializeOnLoadMethodAttributes (82ms)
			AfterProcessingInitializeOnLoad (1ms)
			EditorAssembliesLoaded (0ms)
		ExecutionOrderSort2 (0ms)
		AwakeInstancesAfterBackupRestoration (6ms)
WARNING: Shader Unsupported: 'Hidden/Simulation/URP/Synthetic' - All subshaders removed
WARNING: Shader Did you use #pragma only_renderers and omit this platform?
WARNING: Shader If subshaders removal was intentional, you may have forgotten turning Fallback off?
WARNING: Shader Unsupported: 'Hidden/Simulation/URP/Synthetic' - All subshaders removed
WARNING: Shader Did you use #pragma only_renderers and omit this platform?
WARNING: Shader If subshaders removal was intentional, you may have forgotten turning Fallback off?
WARNING: Shader Unsupported: 'Hidden/Simulation/Synthetic Lit' - All subshaders removed
WARNING: Shader Did you use #pragma only_renderers and omit this platform?
WARNING: Shader If subshaders removal was intentional, you may have forgotten turning Fallback off?
WARNING: Shader Unsupported: 'Hidden/Simulation/Synthetic Lit' - All subshaders removed
WARNING: Shader Did you use #pragma only_renderers and omit this platform?
WARNING: Shader If subshaders removal was intentional, you may have forgotten turning Fallback off?
WARNING: Shader Unsupported: 'Simulation/Standard Lit' - All subshaders removed
WARNING: Shader Did you use #pragma only_renderers and omit this platform?
WARNING: Shader If subshaders removal was intentional, you may have forgotten turning Fallback off?
WARNING: Shader Unsupported: 'Simulation/Standard Lit' - All subshaders removed
WARNING: Shader Did you use #pragma only_renderers and omit this platform?
WARNING: Shader If subshaders removal was intentional, you may have forgotten turning Fallback off?
WARNING: Shader Unsupported: 'Universal Render Pipeline/VR/SpatialMapping/Wireframe' - All subshaders removed
WARNING: Shader Did you use #pragma only_renderers and omit this platform?
WARNING: Shader If subshaders removal was intentional, you may have forgotten turning Fallback off?
WARNING: Shader Unsupported: 'Universal Render Pipeline/VR/SpatialMapping/Wireframe' - All subshaders removed
WARNING: Shader Did you use #pragma only_renderers and omit this platform?
WARNING: Shader If subshaders removal was intentional, you may have forgotten turning Fallback off?
WARNING: Shader Unsupported: 'Simulation/URP/Room X-Ray' - All subshaders removed
WARNING: Shader Did you use #pragma only_renderers and omit this platform?
WARNING: Shader If subshaders removal was intentional, you may have forgotten turning Fallback off?
WARNING: Shader Unsupported: 'Simulation/URP/Room X-Ray' - All subshaders removed
WARNING: Shader Did you use #pragma only_renderers and omit this platform?
WARNING: Shader If subshaders removal was intentional, you may have forgotten turning Fallback off?
WARNING: Shader Unsupported: 'Simulation/Room X-Ray' - All subshaders removed
WARNING: Shader Did you use #pragma only_renderers and omit this platform?
WARNING: Shader If subshaders removal was intentional, you may have forgotten turning Fallback off?
WARNING: Shader Unsupported: 'Simulation/Room X-Ray' - All subshaders removed
WARNING: Shader Did you use #pragma only_renderers and omit this platform?
WARNING: Shader If subshaders removal was intentional, you may have forgotten turning Fallback off?
WARNING: Shader Unsupported: 'Simulation/URP/Lit' - All subshaders removed
WARNING: Shader Did you use #pragma only_renderers and omit this platform?
WARNING: Shader If subshaders removal was intentional, you may have forgotten turning Fallback off?
WARNING: Shader Unsupported: 'Simulation/URP/Lit' - All subshaders removed
WARNING: Shader Did you use #pragma only_renderers and omit this platform?
WARNING: Shader If subshaders removal was intentional, you may have forgotten turning Fallback off?
Refreshing native plugins compatible for Editor in 1.41 ms, found 7 plugins.
Preloading 0 native plugins for Editor in 0.00 ms.
Unloading 50 Unused Serialized files (Serialized files now loaded: 0)
Unloading 10432 unused Assets / (11.2 MB). Loaded Objects now: 11185.
Memory consumption went from 270.8 MB to 259.7 MB.
Total: 9.318375 ms (FindLiveObjects: 0.415167 ms CreateObjectMapping: 0.290166 ms MarkObjects: 5.808667 ms  DeleteObjects: 2.803875 ms)

Unloading 0 Unused Serialized files (Serialized files now loaded: 0)
Unloading 0 unused Assets / (4.3 MB). Loaded Objects now: 11185.
Memory consumption went from 259.6 MB to 255.4 MB.
Total: 5.859625 ms (FindLiveObjects: 0.220916 ms CreateObjectMapping: 0.160042 ms MarkObjects: 5.149000 ms  DeleteObjects: 0.329375 ms)

Prepare: number of updated asset objects reloaded= 0
========================================================================
Received Import Request.
  Time since last request: 945.947771 seconds.
  path: Assets/RiversideTrap/BlackBoard/テクスチャ統合版/FBX/BlackBoard_1texture.fbx
  artifactKey: Guid(9210b6db46c91dc4ebb4c648bd090c1a) Importer(815301076,1909f56bfc062723c751e8b465ee728b)
Start importing Assets/RiversideTrap/BlackBoard/テクスチャ統合版/FBX/BlackBoard_1texture.fbx using Guid(9210b6db46c91dc4ebb4c648bd090c1a) Importer(815301076,1909f56bfc062723c751e8b465ee728b) (PreviewImporter) -> (artifact id: '858aec48839ed5c2c3ea5a81eec60269') in 0.23028175 seconds
Number of updated asset objects reloaded before import = 0Number of asset objects unloaded after import = 33

========================================================================
Received Import Request.
  Time since last request: 0.000042 seconds.
  path: Assets/Samples/XR Interaction Toolkit/3.2.1/Starter Assets/DemoSceneAssets/Sprites/Circle_60x60_Horizontal.png
  artifactKey: Guid(e45f8f823c093d941855bb23b53b9414) Importer(815301076,1909f56bfc062723c751e8b465ee728b)
Start importing Assets/Samples/XR Interaction Toolkit/3.2.1/Starter Assets/DemoSceneAssets/Sprites/Circle_60x60_Horizontal.png using Guid(e45f8f823c093d941855bb23b53b9414) Importer(815301076,1909f56bfc062723c751e8b465ee728b) (PreviewImporter) -> (artifact id: 'ed0af82639c3a7bbb4eafe8a75ac6cb2') in 0.009937541 seconds
Number of updated asset objects reloaded before import = 0Number of asset objects unloaded after import = 3

========================================================================
Received Import Request.
  Time since last request: 0.000037 seconds.
  path: Assets/RiversideTrap/BlackBoard/テクスチャ統合版/Materials_Textures/BlackBoard_1texture.png
  artifactKey: Guid(9cacf66cdfff4354ab57d2e4419ac891) Importer(815301076,1909f56bfc062723c751e8b465ee728b)
Start importing Assets/RiversideTrap/BlackBoard/テクスチャ統合版/Materials_Textures/BlackBoard_1texture.png using Guid(9cacf66cdfff4354ab57d2e4419ac891) Importer(815301076,1909f56bfc062723c751e8b465ee728b) (PreviewImporter) -> (artifact id: '5913438c2d8a8306e53011bff907ee5b') in 0.003453584 seconds
Number of updated asset objects reloaded before import = 0Number of asset objects unloaded after import = 2

========================================================================
Received Import Request.
  Time since last request: 5.638956 seconds.
  path: Assets/Samples/XR Interaction Toolkit/3.2.1/Starter Assets/DemoSceneAssets/Textures/Concrete_Albedo.tif
  artifactKey: Guid(5a327724a94a9674a8a93e6b4e9a6eee) Importer(815301076,1909f56bfc062723c751e8b465ee728b)
Start importing Assets/Samples/XR Interaction Toolkit/3.2.1/Starter Assets/DemoSceneAssets/Textures/Concrete_Albedo.tif using Guid(5a327724a94a9674a8a93e6b4e9a6eee) Importer(815301076,1909f56bfc062723c751e8b465ee728b) (PreviewImporter) -> (artifact id: '08e8643888c38602bea395f205935234') in 0.006326459 seconds
Number of updated asset objects reloaded before import = 0Number of asset objects unloaded after import = 2

========================================================================
Received Import Request.
  Time since last request: 0.000059 seconds.
  path: Assets/Samples/XR Interaction Toolkit/3.2.1/visionOS/Models/SpatialPanel_UI.fbx
  artifactKey: Guid(ab32885cf642f46e7be9ecb0ea504868) Importer(815301076,1909f56bfc062723c751e8b465ee728b)
Start importing Assets/Samples/XR Interaction Toolkit/3.2.1/visionOS/Models/SpatialPanel_UI.fbx using Guid(ab32885cf642f46e7be9ecb0ea504868) Importer(815301076,1909f56bfc062723c751e8b465ee728b) (PreviewImporter) -> (artifact id: '904ed0277c3cc64aaa0daaeb370d7479') in 0.075901209 seconds
Number of updated asset objects reloaded before import = 0Number of asset objects unloaded after import = 75

========================================================================
Received Import Request.
  Time since last request: 0.000049 seconds.
  path: Assets/Samples/XR Interaction Toolkit/3.2.1/Starter Assets/DemoSceneAssets/Prefabs/UI/Dropdown.prefab
  artifactKey: Guid(870459f1cb8d7b7428337cc5935feb67) Importer(815301076,1909f56bfc062723c751e8b465ee728b)
Start importing Assets/Samples/XR Interaction Toolkit/3.2.1/Starter Assets/DemoSceneAssets/Prefabs/UI/Dropdown.prefab using Guid(870459f1cb8d7b7428337cc5935feb67) Importer(815301076,1909f56bfc062723c751e8b465ee728b) (PreviewImporter) -> (artifact id: '3e57151e009212ccfd5cfbc82199190c') in 0.007026084 seconds
Number of updated asset objects reloaded before import = 0Number of asset objects unloaded after import = 61

========================================================================
Received Import Request.
  Time since last request: 0.000045 seconds.
  path: Assets/Donut Set/Materials/DonutGlazeUbeMaterial.mat
  artifactKey: Guid(fdcd0dbbc04384eeab7c6b8e838414f3) Importer(815301076,1909f56bfc062723c751e8b465ee728b)
Start importing Assets/Donut Set/Materials/DonutGlazeUbeMaterial.mat using Guid(fdcd0dbbc04384eeab7c6b8e838414f3) Importer(815301076,1909f56bfc062723c751e8b465ee728b) (PreviewImporter) -> (artifact id: '5cfa4a5196705a17081a26e76c45377c') in 0.00462 seconds
Number of updated asset objects reloaded before import = 0Number of asset objects unloaded after import = 1

========================================================================
Received Import Request.
  Time since last request: 0.000044 seconds.
  path: Assets/Samples/XR Interaction Toolkit/3.2.1/visionOS/Materials/SpatialUI/Dropdown_Element.mat
  artifactKey: Guid(70a1feb7e18f945f8a3281f1a0b579a7) Importer(815301076,1909f56bfc062723c751e8b465ee728b)
Start importing Assets/Samples/XR Interaction Toolkit/3.2.1/visionOS/Materials/SpatialUI/Dropdown_Element.mat using Guid(70a1feb7e18f945f8a3281f1a0b579a7) Importer(815301076,1909f56bfc062723c751e8b465ee728b) (PreviewImporter) -> (artifact id: '7f171e705e50a6ea9fa5b3b459853bba') in 0.004558125 seconds
Number of updated asset objects reloaded before import = 0Number of asset objects unloaded after import = 1

========================================================================
Received Import Request.
  Time since last request: 0.000046 seconds.
  path: Assets/Samples/XR Interaction Toolkit/3.2.1/visionOS/Materials/SpatialUI/Dropdown_Bg.mat
  artifactKey: Guid(15c4967870bc442b99844b2d176918c4) Importer(815301076,1909f56bfc062723c751e8b465ee728b)
Start importing Assets/Samples/XR Interaction Toolkit/3.2.1/visionOS/Materials/SpatialUI/Dropdown_Bg.mat using Guid(15c4967870bc442b99844b2d176918c4) Importer(815301076,1909f56bfc062723c751e8b465ee728b) (PreviewImporter) -> (artifact id: 'd99ab5538d6382d44ce8b5e60961275f') in 0.004653208 seconds
Number of updated asset objects reloaded before import = 0Number of asset objects unloaded after import = 1

========================================================================
Received Import Request.
  Time since last request: 0.000040 seconds.
  path: Assets/Donut Set/Materials/DonutSprinklesPinkMaterial.mat
  artifactKey: Guid(909bbc667aee04e5cabc3947037462ab) Importer(815301076,1909f56bfc062723c751e8b465ee728b)
Start importing Assets/Donut Set/Materials/DonutSprinklesPinkMaterial.mat using Guid(909bbc667aee04e5cabc3947037462ab) Importer(815301076,1909f56bfc062723c751e8b465ee728b) (PreviewImporter) -> (artifact id: '42b4e46425789402c5296e182a5f1c08') in 0.004261125 seconds
Number of updated asset objects reloaded before import = 0Number of asset objects unloaded after import = 1

========================================================================
Received Import Request.
  Time since last request: 0.000063 seconds.
  path: Assets/Donut Set/Materials/DonutGlazeMapleMaterial.mat
  artifactKey: Guid(a6c08edcc0ecb4292b73e1092ba2a664) Importer(815301076,1909f56bfc062723c751e8b465ee728b)
Start importing Assets/Donut Set/Materials/DonutGlazeMapleMaterial.mat using Guid(a6c08edcc0ecb4292b73e1092ba2a664) Importer(815301076,1909f56bfc062723c751e8b465ee728b) (PreviewImporter) -> (artifact id: '54039130ffea5e4df2bbb469b5f0a580') in 0.004716833 seconds
Number of updated asset objects reloaded before import = 0Number of asset objects unloaded after import = 1

========================================================================
Received Import Request.
  Time since last request: 0.731886 seconds.
  path: Assets/Samples/XR Interaction Toolkit/3.2.1/Starter Assets/DemoSceneAssets/Materials/Concrete Grey.mat
  artifactKey: Guid(842f1b88643f1bb458ba6243088e344e) Importer(815301076,1909f56bfc062723c751e8b465ee728b)
Start importing Assets/Samples/XR Interaction Toolkit/3.2.1/Starter Assets/DemoSceneAssets/Materials/Concrete Grey.mat using Guid(842f1b88643f1bb458ba6243088e344e) Importer(815301076,1909f56bfc062723c751e8b465ee728b) (PreviewImporter) -> (artifact id: 'feb318ee773815eed2f4b7af9896fd47') in 2.278279417 seconds
Number of updated asset objects reloaded before import = 0Number of asset objects unloaded after import = 3

========================================================================
Received Import Request.
  Time since last request: 0.000045 seconds.
  path: Assets/Samples/XR Interaction Toolkit/3.2.1/visionOS/Models/SpatialPanel_Slider.fbx
  artifactKey: Guid(5ce901eadd9fb4579a541adc5424035c) Importer(815301076,1909f56bfc062723c751e8b465ee728b)
Start importing Assets/Samples/XR Interaction Toolkit/3.2.1/visionOS/Models/SpatialPanel_Slider.fbx using Guid(5ce901eadd9fb4579a541adc5424035c) Importer(815301076,1909f56bfc062723c751e8b465ee728b) (PreviewImporter) -> (artifact id: '7fdc5c4787e8d4e8464cb69d7081f0f7') in 0.013874959 seconds
Number of updated asset objects reloaded before import = 0Number of asset objects unloaded after import = 13

========================================================================
Received Import Request.
  Time since last request: 0.000034 seconds.
  path: Assets/Samples/XR Hands/1.5.1/Gestures/Debug Tools/Sprites/Gesture Icons/Fist_L_Icon.png
  artifactKey: Guid(ea0ed8951c7c41e4a9c0493c21c80e16) Importer(815301076,1909f56bfc062723c751e8b465ee728b)
Start importing Assets/Samples/XR Hands/1.5.1/Gestures/Debug Tools/Sprites/Gesture Icons/Fist_L_Icon.png using Guid(ea0ed8951c7c41e4a9c0493c21c80e16) Importer(815301076,1909f56bfc062723c751e8b465ee728b) (PreviewImporter) -> (artifact id: '4668bb9e8d0d9fa4646bebc30d22bec5') in 0.005451 seconds
Number of updated asset objects reloaded before import = 0Number of asset objects unloaded after import = 3

========================================================================
Received Import Request.
  Time since last request: 0.000046 seconds.
  path: Assets/Samples/XR Interaction Toolkit/3.2.1/Starter Assets/Materials/Controller_White.mat
  artifactKey: Guid(9f12d299d16099343a3c5c0d7285822a) Importer(815301076,1909f56bfc062723c751e8b465ee728b)
Start importing Assets/Samples/XR Interaction Toolkit/3.2.1/Starter Assets/Materials/Controller_White.mat using Guid(9f12d299d16099343a3c5c0d7285822a) Importer(815301076,1909f56bfc062723c751e8b465ee728b) (PreviewImporter) -> (artifact id: 'b59f3314cd45f014c0347c952cab6d00') in 0.008119166 seconds
Number of updated asset objects reloaded before import = 0Number of asset objects unloaded after import = 2

========================================================================
Received Import Request.
  Time since last request: 0.000042 seconds.
  path: Assets/Samples/XR Interaction Toolkit/3.2.1/Starter Assets/DemoSceneAssets/Textures/Concrete_Metallic.tif
  artifactKey: Guid(f3fb518ec70eb4047b1c6ec34933fbce) Importer(815301076,1909f56bfc062723c751e8b465ee728b)
Start importing Assets/Samples/XR Interaction Toolkit/3.2.1/Starter Assets/DemoSceneAssets/Textures/Concrete_Metallic.tif using Guid(f3fb518ec70eb4047b1c6ec34933fbce) Importer(815301076,1909f56bfc062723c751e8b465ee728b) (PreviewImporter) -> (artifact id: '84ec3a02af15c16eaabae23cfe28fd14') in 0.003512083 seconds
Number of updated asset objects reloaded before import = 0Number of asset objects unloaded after import = 2

========================================================================
Received Import Request.
  Time since last request: 0.000041 seconds.
  path: Assets/Samples/XR Interaction Toolkit/3.2.1/Starter Assets/Materials/Controller_Grey.mat
  artifactKey: Guid(99685157b02e4d446bbecb015645e5e8) Importer(815301076,1909f56bfc062723c751e8b465ee728b)
Start importing Assets/Samples/XR Interaction Toolkit/3.2.1/Starter Assets/Materials/Controller_Grey.mat using Guid(99685157b02e4d446bbecb015645e5e8) Importer(815301076,1909f56bfc062723c751e8b465ee728b) (PreviewImporter) -> (artifact id: '5c9527103b3223aebc00aece97bdc928') in 0.006068166 seconds
Number of updated asset objects reloaded before import = 0Number of asset objects unloaded after import = 2

========================================================================
Received Import Request.
  Time since last request: 0.000034 seconds.
  path: Assets/Samples/XR Hands/1.5.1/Gestures/Debug Tools/Sprites/FingerStateUI/FingerStateUI_Icon_CheckMark.png
  artifactKey: Guid(5fcda67ce0c1c4e419332d6e88173aee) Importer(815301076,1909f56bfc062723c751e8b465ee728b)
Start importing Assets/Samples/XR Hands/1.5.1/Gestures/Debug Tools/Sprites/FingerStateUI/FingerStateUI_Icon_CheckMark.png using Guid(5fcda67ce0c1c4e419332d6e88173aee) Importer(815301076,1909f56bfc062723c751e8b465ee728b) (PreviewImporter) -> (artifact id: 'cc2e1b931eff4aa5417e445f8a3e06f9') in 0.004870417 seconds
Number of updated asset objects reloaded before import = 0Number of asset objects unloaded after import = 3

========================================================================
Received Import Request.
  Time since last request: 0.000068 seconds.
  path: Assets/Samples/XR Hands/1.5.1/Gestures/Debug Tools/Sprites/FingerStateUI/FingerStateUI_Icon_Cross.png
  artifactKey: Guid(66e863f819ab1cb4690f5c214dec8df0) Importer(815301076,1909f56bfc062723c751e8b465ee728b)
Start importing Assets/Samples/XR Hands/1.5.1/Gestures/Debug Tools/Sprites/FingerStateUI/FingerStateUI_Icon_Cross.png using Guid(66e863f819ab1cb4690f5c214dec8df0) Importer(815301076,1909f56bfc062723c751e8b465ee728b) (PreviewImporter) -> (artifact id: 'df5a0a05e58373f84bfaea9099c7a790') in 0.003880917 seconds
Number of updated asset objects reloaded before import = 0Number of asset objects unloaded after import = 3

========================================================================
Received Import Request.
  Time since last request: 0.000045 seconds.
  path: Assets/Samples/XR Interaction Toolkit/3.2.1/visionOS/Materials/SpatialUI/Panel_Mixed_AO.png
  artifactKey: Guid(f3df19bf3f02a427bbfc93c8e6c59685) Importer(815301076,1909f56bfc062723c751e8b465ee728b)
Start importing Assets/Samples/XR Interaction Toolkit/3.2.1/visionOS/Materials/SpatialUI/Panel_Mixed_AO.png using Guid(f3df19bf3f02a427bbfc93c8e6c59685) Importer(815301076,1909f56bfc062723c751e8b465ee728b) (PreviewImporter) -> (artifact id: '2a10160454f25ba1c32a7bc154e48261') in 0.004141042 seconds
Number of updated asset objects reloaded before import = 0Number of asset objects unloaded after import = 2

========================================================================
Received Import Request.
  Time since last request: 0.000034 seconds.
  path: Assets/Samples/XR Interaction Toolkit/3.2.1/Starter Assets/DemoSceneAssets/Prefabs/Interactables/Confetti.prefab
  artifactKey: Guid(7942e6544a2b2ae48bcf988d9aed838d) Importer(815301076,1909f56bfc062723c751e8b465ee728b)
Start importing Assets/Samples/XR Interaction Toolkit/3.2.1/Starter Assets/DemoSceneAssets/Prefabs/Interactables/Confetti.prefab using Guid(7942e6544a2b2ae48bcf988d9aed838d) Importer(815301076,1909f56bfc062723c751e8b465ee728b) (PreviewImporter) -> (artifact id: '38a1be0ce7855e384b9a49c3154a6183') in 0.019592792 seconds
Number of updated asset objects reloaded before import = 0Number of asset objects unloaded after import = 6

========================================================================
Received Import Request.
  Time since last request: 0.000032 seconds.
  path: Assets/Samples/XR Interaction Toolkit/3.2.1/visionOS/Materials/SpatialUI/Panel_Normal_OpenGL.png
  artifactKey: Guid(88abc3ea4b5d34761895edfe9e885528) Importer(815301076,1909f56bfc062723c751e8b465ee728b)
Start importing Assets/Samples/XR Interaction Toolkit/3.2.1/visionOS/Materials/SpatialUI/Panel_Normal_OpenGL.png using Guid(88abc3ea4b5d34761895edfe9e885528) Importer(815301076,1909f56bfc062723c751e8b465ee728b) (PreviewImporter) -> (artifact id: '9ccc0a0f236607f42158e6389018c69b') in 0.004286917 seconds
Number of updated asset objects reloaded before import = 0Number of asset objects unloaded after import = 2

Editor requested this worker to shutdown with reason: Scaling down because of idle timeout
AssetImportWorkerClient::OnTransportError - code=2 error=End of file
AssetImportWorker is now disconnected from the server
Process exiting
